"calage","c14age","c14sig","c14ageUpper","c14ageLower"
508,467.305275809324,12.013615964842,443.365972748774,491.310569206623
509,464.136150164192,10.1821151442571,443.850358966976,484.648369542331
510,462.111578583817,10.0271778153007,442.040028658405,482.15462171487
511,461.919152348618,10.2054017421816,441.651058243772,482.29493961357
512,463.988020509978,10.0229982216308,443.833725544281,484.073510936994
513,467.998000732445,10.1772615080385,447.718860341416,488.297923976526
514,473.30659232317,10.0600995124142,453.170159767909,493.389373731083
515,479.187324578151,9.98688083989491,459.274788826792,499.142990533077
516,484.479861782898,10.0879467422877,464.242848750049,504.514846610466
517,488.454973650865,10.057736975805,468.328261972161,508.5286945628
518,490.733361971925,10.5196738528251,469.648157151153,511.812828500297
519,491.16410218731,10.7644785874426,469.503023880933,512.70788998674
520,490.177439282742,10.9882875057724,468.36040003026,512.0612436857
521,488.276387385006,11.16008326296,465.93991370101,510.592244032728
522,486.536244245891,10.8408317623795,464.897090397168,508.296850288809
523,486.549703231743,10.8397306586165,464.994113682711,508.263168715148
524,489.521599150482,10.6455821586456,468.271824327816,510.891390041012
525,495.290317338928,10.7478423173541,473.838589546329,516.839543121027
526,502.63963918361,10.9770170723332,480.672274444122,524.45531544959
527,510.520563162511,10.7801207668937,488.885735748347,532.149140502796
528,517.738311882091,10.9494036980038,495.698422547847,539.626740523789
529,523.47995880748,10.6267995738479,502.285496910309,544.75442172327
530,527.140632272134,10.3308250115769,506.422571825271,547.765989060295
531,528.399027613531,10.29546304109,507.706833164749,548.962056418002
532,527.710034350511,10.039616172804,507.655669577913,547.857273036937
533,526.129487239241,10.2076223308159,505.722700885728,546.698902410791
534,525.065158918064,10.0310554377153,504.915389429463,545.092104473912
535,524.525404218586,10.0248585735808,504.478831376854,544.783962927838
536,524.393279092111,10.0320453204987,504.324049085984,544.424693774873
537,524.745151378613,10.0453904200546,504.611249362342,544.88229664478
538,525.958934762561,10.438689246058,505.009218471694,546.794912192566
539,528.316671303491,10.6366239067258,507.070251248861,549.592756232393
540,531.872076174515,11.0117986912347,509.951547516354,553.883605750586
541,536.187630982183,11.1797094641014,513.718883324947,558.533990949375
542,541.222533735345,11.0100802585366,519.208017335656,563.124923066605
543,547.068589621184,11.2163581959687,524.636557351646,569.48883753584
544,553.406796078639,10.9155662187613,531.537428963454,575.225555052019
545,559.46457243089,10.9218865924216,537.678458690829,581.259065431312
546,563.763468383525,10.9831248392388,541.757655343515,585.640346816199
547,566.076853540565,10.8651921949171,544.292649519677,587.8652827682
548,566.50756850885,11.1853288999381,544.029545665107,588.703884931636
549,565.495500463491,10.9845266684055,543.261203417487,587.369885494103
550,564.649401418964,11.0406512622724,542.506467469166,586.828824737041
551,565.415295313397,11.0447222366634,543.201122216182,587.418134402854
552,568.755238026948,10.8620086176722,547.066284364525,590.456729285222
553,574.392539452135,10.9613632401682,552.499398273158,596.364842746155
554,581.881766622145,10.7545474772254,560.415019643175,603.546128798618
555,589.660361359154,10.8559150584652,567.859564299142,611.303744834932
556,596.06160126164,10.8385250742645,574.434089576155,617.778346767028
557,600.818333386971,10.7726086226363,579.199237174964,622.470882377167
558,605.279065524849,11.0235358551674,583.312485994022,627.383715233481
559,610.488706399976,10.9675851796328,588.568951738575,632.281179125381
560,616.309762133411,11.0728056802239,594.183506569028,638.571630649938
561,622.412805344379,11.0391746821572,600.390317244652,644.460083381544
562,628.142538558989,10.8984153808669,606.409800156937,649.935025326795
563,632.602666839667,11.0370700613327,610.646765981474,654.664493310007
564,635.178889038224,10.7414164953014,613.795952220206,656.768108627236
565,635.948868311335,10.8334090698107,614.435476692878,657.715102323142
566,635.165112307402,10.776361193297,613.639717008787,656.814638011979
567,633.884875635563,10.6961806492048,612.454892427745,655.372997872972
568,633.431260614141,10.9848737229994,611.444601455133,655.409515953115
569,634.890626909484,10.8693528072724,613.196591352444,656.60834391475
570,639.021805469509,11.0563658059231,616.894439512917,661.1158055431
571,645.99617848678,10.9862458713056,623.938276236798,667.797767407913
572,654.836405245162,10.8313723571847,633.197744459878,676.450056179741
573,663.104332904109,11.0457251997832,641.049824384657,685.201781365441
574,668.90889623113,10.8353016045224,647.238895778553,690.732955331523
575,671.763213705468,11.0841340553697,649.550272837175,693.909490596739
576,671.451862725134,11.1715986475626,649.338553446812,693.983272960385
577,668.480890375727,11.433523455272,645.623342210017,691.427779916535
578,663.897452694356,11.7840865302508,640.310447335401,687.630243272816
579,658.677648105426,11.7398402949202,635.083343814267,682.006933333397
580,653.771879635933,12.0001008981179,629.815023035433,677.852669071138
581,649.810521876754,11.9137652604393,625.914305995644,673.603333752191
582,646.638539811879,11.7667636265721,623.069116211067,670.089014146334
583,643.268796442056,11.8041902756548,619.615191219244,666.83292767151
584,639.303343141154,11.4431159408274,616.43802452258,662.165641266359
585,635.509580791707,11.5471426089297,612.41074071466,658.726427808321
586,632.357802164195,11.4656384985955,609.553555743522,655.407810360045
587,630.132114112172,11.4644890875316,607.21584287666,653.111153929618
588,628.513720169334,11.7676795947038,605.009782168066,652.193784873409
589,627.402551421103,11.7246322108166,604.007563514156,650.935638639483
590,626.242837257023,11.9496349308932,602.374836351208,650.240636969706
591,624.495583672787,11.7105243886454,601.049475379941,647.948736861913
592,621.64791577238,11.4859658589811,598.746846453638,644.568581710227
593,617.137593455729,11.3796747669494,594.316247441247,639.981518582936
594,610.903253421583,10.9521086517012,588.947461223678,632.769135480175
595,603.57679109017,10.9803439462258,581.632269672181,625.584997538701
596,595.997650055998,10.624811046774,574.655931092474,617.189824696205
597,589.802202733847,10.5133891376383,568.676522155714,610.668953156605
598,586.880624424589,10.7432922029226,565.522038128949,608.402295731944
599,587.623354118815,10.8274482067579,566.091601673851,609.357451273421
600,590.111371260114,11.1929220040119,567.773479370765,612.56083319351
601,592.243225536359,10.9863859539576,570.336447748709,614.176007536194
602,593.089577064554,10.800397680607,571.382159280931,614.601286355657
603,592.396865928377,10.7179285427707,570.921753626957,613.790667629019
604,590.260729494341,10.4350845562693,569.453444074447,611.198892177149
605,587.793048032275,10.5711465518591,566.626671716315,608.98285414853
606,585.801911878825,10.3160756601282,565.16313839167,606.42499507534
607,584.968238181626,10.3308718543052,564.30779438586,605.700294619483
608,585.39700043394,10.4603731490443,564.473195239026,606.372811640505
609,586.779230743796,10.5411825764317,565.636661438195,607.920657469435
610,588.165374475281,10.8214529002835,566.556995787966,609.953000964444
611,588.560125573352,10.6648242793099,567.219822620091,609.897194460968
612,588.092123240729,10.5190808161015,567.074740144806,609.219794606605
613,587.133521154838,10.4826656594645,566.107143530906,608.070359607589
614,585.985162654445,10.2826301904514,565.480805196182,606.587850983294
615,584.785581448084,10.3795121794365,563.849784843369,605.570329157835
616,583.656734071316,9.99951898090687,563.638814304176,603.720559711197
617,582.126635733743,9.9703335613858,562.039479874955,601.997798579686
618,579.779572978733,10.0596892500464,559.58267125478,599.945846988173
619,577.073846788154,9.98122351885206,557.141597827344,597.118375501109
620,576.140576484214,10.2107704522301,555.702472780402,596.523863712493
621,578.068714580761,10.0178048989401,557.880522555918,598.186939436799
622,582.424793660488,10.0666516310352,562.315599406479,602.611209393105
623,587.709741118935,10.0285426674012,567.644318208455,607.751359946605
624,593.056163477151,9.89376860024977,573.457567205616,612.967803137932
625,597.93447669524,10.040717532356,577.931646880645,617.92873344655
626,602.059394038965,9.86628541734372,582.305418434417,621.672665636166
627,605.890900564097,9.97999655650686,586.005059069332,625.865766931544
628,610.194153587811,9.9970783685322,590.216703214894,630.150808066402
629,614.894635399489,9.93702572019203,595.098825045952,634.877718293465
630,619.419102052158,10.2888522350647,598.840550753999,639.924199446757
631,623.119431713399,10.331955421384,602.469219154449,643.797231002868
632,625.76985084477,10.7373240472755,604.204012474147,647.121234416303
633,627.150720718493,10.7695006285081,605.644160643633,648.690458373581
634,627.179734968252,10.6843711591495,605.838633213307,648.595717412782
635,626.339410064248,10.9677312136337,604.34366018451,648.239634771083
636,624.960593675675,10.8873657425992,603.300630504272,646.740662645606
637,623.761047326278,11.1680240059168,601.400063813679,646.17843159073
638,623.214431143882,11.6380412082937,600.046408164903,646.466860577141
639,623.562523239307,11.4852904394333,600.601146361763,646.439299608687
640,624.446161274543,11.6773260857782,601.116503112014,647.795253266398
641,625.306590565889,11.9035357261861,601.525261959214,649.107333523913
642,625.945312483337,11.4475599556282,602.974078666138,648.973093819665
643,627.328765081641,11.2827584297925,604.838435931975,649.878465376309
644,630.744134531199,11.1948502282661,608.393491467586,653.100861541416
645,635.841747573005,11.0419789644176,613.946041954681,657.954634451097
646,641.711537685106,11.3472584511353,619.106417253094,664.468104721304
647,646.927868027308,11.362604070961,624.327650276898,669.648924418257
648,651.073837129514,10.9866661308304,629.08804261551,673.159679702984
649,654.72957538159,11.2118381128309,632.296563502364,677.295742338892
650,658.625408793541,11.0929290061801,636.509115900654,680.770103939161
651,663.155082383544,11.0407420487984,641.084002267263,685.38355785678
652,668.359602325258,11.2098791814317,646.05557131121,690.883437235062
653,674.035295293894,10.9440624400639,652.17708436537,695.881298190602
654,678.825545443809,11.1684355655143,656.495761551724,701.133518919828
655,681.175003866259,11.0712693425085,659.04244138947,703.373436374153
656,681.620275566395,11.1751745756116,659.250955937309,704.177674885295
657,681.36177390092,11.5806427608035,658.231166314654,704.532854336516
658,681.562268046709,11.667122125541,658.250843394515,704.868325414266
659,682.432841777983,12.1232074049352,658.206268118209,706.708768542732
660,684.185021132597,12.1622744592866,659.894035265156,708.599832665739
661,686.900694749331,12.1994589276935,662.685739806988,711.522651666045
662,690.296411033238,12.2417095556449,665.915626964041,714.962077585028
663,694.193942802937,11.9699439415313,670.448430054556,718.261886323788
664,697.069013348043,12.1141731909333,672.928181403969,721.456912610236
665,697.992495080934,11.9152376035374,674.149516414385,722.042370058905
666,697.513940904586,11.8636667575496,673.728165321448,721.354674087155
667,697.172169225889,11.9718590256136,673.277386704776,721.126412023141
668,698.746983476934,11.8805070744817,674.979569784089,722.356795327046
669,703.296065424622,12.1416628115017,678.948984538654,727.509739952764
670,711.739802649718,12.1432063798323,687.442048697722,735.975324662628
671,722.814955418865,12.2364797729926,698.348560335651,747.280890907414
672,733.963432851154,12.3538052203371,709.342262523811,758.512139595648
673,743.534327606886,11.6735941540742,720.279092637347,766.951015613084
674,750.999568338268,11.1584292591348,728.773538890181,773.564081768376
675,755.949587874736,11.1298821306762,733.763608889849,778.166199368647
676,758.156640915528,11.0412287158445,736.092977602655,780.316901154708
677,758.73411207295,11.3986704255325,735.954679698755,781.500156992241
678,759.150212053273,11.632246722383,735.977931225444,782.420138044442
679,760.489583378232,11.5069469072386,737.589032349284,783.479110030257
680,763.080821847662,11.7666681424879,739.506597841711,786.532587029907
681,767.177793800393,11.5121423709742,744.330361475243,790.314704302224
682,771.774768461573,11.5384615072023,748.945770804112,794.998195911886
683,776.263192555119,11.509076803991,753.285696029299,799.4876608946
684,780.169656242711,11.3568636949662,757.522600324355,803.017834461536
685,784.158435520318,11.5597635083346,761.067161725071,807.289448094552
686,788.837092506962,11.3719109062077,766.177589997091,811.743739255282
687,793.437437934449,11.5055502128751,770.503669388959,816.569884121355
688,796.85471045545,11.5734882366014,773.667263727549,820.183417863346
689,798.943571070994,11.5453304090602,776.001060362968,822.064332346795
690,801.034135858747,11.7723101680156,777.41515280153,824.657014879611
691,803.839061668959,11.5394813866935,780.879220824305,826.883147922742
692,805.929040590729,11.6214592041475,782.498574814657,829.159433970724
693,805.535590321995,11.5192868995955,782.392718084895,828.629239719394
694,802.97087938117,11.3187860020886,780.303173401052,825.545658262223
695,801.147534067529,11.5761396696012,777.895576551793,824.176750684619
696,802.305771412451,11.3314786215544,779.690873436181,824.964874748117
697,805.547754402306,11.461694402037,782.793907659658,828.528629602751
698,808.733688975164,11.5777162048789,785.670441153534,831.920755342271
699,810.862796275523,11.5197432699094,787.922976048892,834.189970500415
700,811.769880331704,11.7208226167274,788.310806551532,835.203260990259
701,811.315957961535,11.5277660896096,788.276295299206,834.430403766902
702,809.68212953065,11.6240547316341,786.529024840656,832.951275578299
703,807.015569252626,11.5390550641567,784.030748921494,830.203493118814
704,804.03768223627,11.3774672099378,781.273498105028,826.863843036126
705,802.000662359505,11.5963386636985,778.82101361797,825.176712098289
706,801.84104360309,11.4022780915669,779.001102752858,824.478711347941
707,802.640211163752,11.5913721119352,779.424147216552,825.845494709991
708,803.401496778513,11.5792827790692,780.174966762957,826.596565831253
709,803.425251575251,11.5604488626713,780.261707297573,826.535665054558
710,802.194574658962,11.8294086129967,778.546608676979,825.731143440858
711,799.867931333713,11.6140994916448,776.639987432044,823.033908335197
712,796.987508800828,11.7125940676871,773.58220944597,820.350975637692
713,794.65257346415,11.5498600298803,771.431015219778,817.739637667116
714,793.429014970582,11.4060976863576,770.517664452316,816.259160543307
715,793.499339855747,11.5191039821805,770.249519115809,816.34945717209
716,795.017462276741,11.309209670738,772.266339576164,817.560664591717
717,797.629505707269,11.5345690282796,774.509411445063,820.691031343092
718,800.968577737341,11.5122819639404,777.971627991001,824.016827437282
719,804.377885450954,11.4247059060193,781.411102239277,827.19000787237
720,807.140464599536,11.600591354517,783.913237900063,830.477397522728
721,808.749688738992,11.3090600658403,786.240253157999,831.394425495292
722,809.312303145697,11.2191929420905,786.873984139452,831.685562273482
723,808.909494487909,11.0026903056374,786.912648864342,830.94061075304
724,808.5374847779,10.858433505491,786.828120035898,830.19373616902
725,808.98288887562,10.9781299517093,787.057685680236,830.89412864705
726,811.12588952048,10.77386689176,789.702594500432,832.712516474185
727,814.721272079943,10.952560713148,792.856573077906,836.735166224878
728,819.45850836795,10.8700407240884,797.670574773851,841.063006403302
729,825.733790345865,10.9239809053948,803.706988860914,847.660601702307
730,834.035530809103,11.1155631138532,811.915384321804,856.335377625298
731,844.010040986064,10.886093465084,822.167023182684,865.742473406279
732,853.270556229342,11.0305075601613,831.188245881757,875.362579377253
733,859.244330418395,10.8872847598519,837.559921203763,881.163833129287
734,861.772487245259,10.8986763502887,840.070741671414,883.730561348853
735,862.188960522022,11.0041272913531,840.182282555323,884.332928413356
736,861.601585179267,10.7602876478894,840.096049037963,883.121239635681
737,861.277861847979,11.0404707661197,839.259610823431,883.370903772063
738,862.423826852412,10.8828749132063,840.583217361126,884.306047949637
739,864.921949151207,10.977843833042,842.937063675539,886.925747428034
740,868.363383491847,11.0850055290841,846.325641318544,890.60870332477
741,871.772929125923,10.9259510011895,849.929856743196,893.604908510108
742,873.621953755613,11.1280975690096,851.358439737199,895.927932747794
743,872.854788296598,11.0116251650165,850.733169913998,894.881788571866
744,870.047163083045,11.1144735128659,847.814999027465,892.254122221762
745,866.935886139947,11.5084221311991,844.152736601822,890.028585537817
746,865.007860717478,11.4017993503072,842.258153588052,887.878562245152
747,864.818941033717,11.4857898460546,841.821526952973,887.90539691518
748,867.071470351527,11.5647149519918,843.941353558235,890.234136830454
749,872.156278437605,11.2483657577625,849.679942537095,894.740780899542
750,878.779464776679,11.4026078922474,855.96513702221,901.591102039755
751,885.002296545122,11.4768773535879,862.024981524954,907.997094954867
752,889.278254927319,11.2853044724799,866.822007625883,911.89489751726
753,890.855554086536,11.431157837539,867.983741579522,913.67472768051
754,889.32799939469,11.2591547207822,866.821836313651,911.84204662447
755,885.118284941948,11.2708626567447,862.711368155967,907.65292946873
756,879.156196075996,11.4134032342186,856.416099844215,902.06490783249
757,872.819987979761,11.2466749860734,850.227462632641,895.396806531849
758,867.878413799052,11.4731905828984,844.896585559435,890.686251410739
759,865.868449540765,11.3293215360276,843.086340472141,888.471175295762
760,866.37417983554,11.5319550977189,843.283352266898,889.535088631795
761,868.699272855743,11.5794455953057,845.441212569859,891.924761553818
762,871.301186750041,11.4129613918031,848.570873446185,894.038550806792
763,871.997417262679,11.5338707187548,848.973726942088,895.122316012966
764,869.25478726428,11.2750428537388,846.652429570029,891.9186287056
765,864.632975775142,11.3836121020197,841.724662697321,887.358875950926
766,860.260271785882,11.4302304025941,837.341387100597,883.136880961501
767,857.787873943138,11.240669120755,835.231358238764,880.130983661154
768,857.868204455612,11.4553191881459,835.037947607283,880.971023295942
769,860.82582522191,11.2756587826803,838.242652082166,883.476105561836
770,865.485320621618,11.4590017642193,842.661190932347,888.503460618055
771,870.538850472611,11.3762705930227,847.906417602857,893.340408999067
772,874.98580884966,11.1746568311822,852.589955729117,897.400785476008
773,878.879726314698,11.3018582446998,856.324906871891,901.526209862052
774,882.248434185982,11.0947832847996,860.023783575395,904.324315311209
775,885.111128884236,11.245105640642,862.657001923207,907.665820927365
776,887.241379840419,11.2222718385916,864.748282809466,909.67498766616
777,888.380580302804,11.0546105262169,866.151529715502,910.472329443888
778,887.372689852785,11.3041952419888,864.631216839934,909.811622069263
779,884.027785101238,11.1111219340061,861.788361764661,906.184477835227
780,879.917164543875,11.2240586183197,857.407045342072,902.225396651213
781,876.888981816694,11.1619532857833,854.672305610134,899.239901391494
782,876.185862152433,11.0254909306112,854.165882832722,898.193430923222
783,878.248283685798,11.0912440719851,856.102407599474,900.473548400637
784,883.011403148766,10.6078312995103,861.59590300435,904.24852001444
785,888.990925734866,10.4931436572779,867.983930343223,909.992279558696
786,894.608909950509,10.2855632347879,874.132266254424,915.270218169187
787,898.898707529743,10.1359727379739,878.694929893337,919.134162321722
788,901.857118163806,10.3808472599856,881.046017119116,922.542257465119
789,903.550133687557,10.4587976881674,882.690876006947,924.606183689302
790,904.781274578879,11.0924933443658,882.615925456978,926.992425085245
791,906.552686207197,11.2201460231396,884.135384718798,928.858315853169
792,909.547658941509,11.1791593693421,887.249175622544,931.883685022533
793,914.472179711405,11.2623580156055,891.845048603946,936.82046684142
794,921.477309097667,10.8911752483869,899.67323406994,943.048032361184
795,929.354498067497,10.9587075080538,907.511764437482,951.279575393837
796,936.388605710757,10.8827689894927,914.618188496767,958.212823711285
797,941.657826186192,10.9950210122657,919.607165820056,963.502650055688
798,944.344728437212,11.3149971711239,921.717147015991,967.067013143619
799,944.428368005299,11.270425384536,921.891370399027,967.013807700949
800,943.250931321657,11.5836691019842,920.144945078113,966.475931311321
801,942.633202525103,11.4137421543929,919.89518594179,965.617433220119
802,943.06185844625,11.3427588252556,920.282872923724,965.687120936399
803,944.511483248981,11.3700563427161,921.77220912596,967.227652978239
804,946.714295544938,11.1369798334566,924.347644418856,968.855552429964
805,949.740197805764,11.3783944156861,927.024740056543,972.403956645188
806,953.037054116957,11.2236779044073,930.610628993238,975.53222149187
807,955.622445214296,11.2289482241839,933.078323914444,978.152812784601
808,955.418298092315,11.3377446961646,932.786098187938,978.148623850271
809,952.063648440573,11.2025623510203,929.618606196737,974.625427280132
810,946.975547221359,11.4211936281435,924.206502066994,969.843052055352
811,942.042960129334,11.2688876512676,919.461689845796,964.541068803445
812,938.258750967,11.1174742460419,916.027672389993,960.413258373039
813,935.891125760466,11.0312695060452,913.878176925631,957.946087499311
814,935.076070533398,10.837679379128,913.419001933502,956.613966358643
815,935.919323870616,10.9655606387589,914.030655845246,957.934459956468
816,938.009801006463,10.6231993139528,916.883773452838,959.182497946884
817,940.895899389192,10.2890412383524,920.222719681239,961.481145974488
818,943.684469333523,10.1543235807873,923.40799379083,964.009611171133
819,945.699668018799,10.0743693085463,925.503193664552,965.832727838485
820,945.896185553145,10.2629561273872,925.359372965902,966.317199816975
821,943.691744473695,10.1387425671439,923.472174498295,963.898083644281
822,941.117112650479,10.0657473189042,921.023302901344,961.331159596274
823,940.799398723233,10.1358547590315,920.559273430531,961.057501094562
824,943.691278459582,10.0038901882332,923.624375306093,963.616700200608
825,947.7198374945,10.1722353304851,927.437954612252,968.193922360276
826,950.740667404953,10.0287792599922,930.770654797318,970.875834972685
827,952.396943779595,10.1166665347943,932.097883330998,972.625220785684
828,952.639961914319,10.203557636533,932.290829672481,973.068864271501
829,951.971568511825,10.1143789750608,931.865198154117,972.165320405492
830,951.420852753228,10.3343055410945,930.827058399205,972.054252739806
831,951.772352586924,10.1300587952998,931.307933173196,971.998989478304
832,952.729025209908,10.2641935496711,932.244102650925,973.303021840442
833,953.96173028155,10.2248354036532,933.512531748318,974.473786920618
834,955.389209660866,10.1022860451581,935.230327186697,975.547373632164
835,957.076425860787,10.3669309004515,936.347050344026,977.874670600328
836,959.273888278336,10.3825244517289,938.382301483236,979.97594897777
837,961.210716282939,10.7310909517784,939.811253343326,982.634409287503
838,962.227350631788,10.9549428549981,940.436597737596,984.19249805405
839,962.064300306744,10.9400594079421,940.3089152091,984.180506623365
840,961.478968089187,11.2766749219089,939.071098663431,983.974484490722
841,960.982681315793,11.0731246303624,938.775450106737,983.095932150534
842,960.224474807023,11.131856857823,937.88763285407,982.443309468726
843,958.834877166114,11.0156447936792,936.818805723283,980.744757661767
844,956.644520423352,10.8870079490956,934.951302706422,978.422322687199
845,953.815537276985,11.0744166640404,931.529992270645,975.927075008201
846,950.72962147443,10.9055491026218,929.037790723355,972.516875191891
847,947.911438904296,10.9721926899952,926.136382478766,970.004408654108
848,945.884221684667,10.9946940714602,924.073460500283,967.865573453405
849,944.542803657777,10.9916818092232,922.521432419413,966.636702206277
850,943.248225026225,11.2503427465173,920.702606169332,965.746148834184
851,941.57721456168,11.0204496499793,919.686965274016,963.67631855751
852,940.168898524798,11.1126995500773,918.090387030717,962.373261590198
853,939.822939188221,11.0394984530844,917.779425723314,961.870882518736
854,941.180408803146,10.9501536909907,919.351802111953,963.051170938195
855,944.828679573333,11.1228401835431,922.615229339013,967.016048494504
856,950.473167069531,10.7611958795191,928.981526008784,972.048075162858
857,955.89634355887,10.8119899989878,934.400090137254,977.589919036386
858,958.740820295161,10.7629134822477,937.288274800339,980.430903194622
859,958.863953783623,10.8492675605454,937.307310436725,980.706777990304
860,957.913334761557,11.095313918877,935.737958044918,980.330597866803
861,957.093751053321,10.9194218452885,935.331086564942,978.975591441338
862,956.204918561914,11.0195949388098,934.219541297322,978.25974825559
863,954.976827466502,10.867924055948,933.352506131721,976.791711471804
864,953.47625609163,10.7716482858401,932.02026378125,975.062304803502
865,952.206713542918,10.981741005552,930.419570004667,974.204201624004
866,951.128521727784,10.7204217121731,929.760729114645,972.605600815431
867,949.605221579217,10.9400536919652,927.515815810866,971.428060198555
868,946.775383861721,10.8054425521286,925.23116808731,968.417426990272
869,942.169828994229,10.8444584758747,920.495388458118,963.694779348183
870,935.688265290943,10.9999221166771,913.546376021574,957.683345240153
871,927.793985534934,10.7906212684119,906.178529368517,949.297523854264
872,920.976416171322,10.8682799460055,899.206364296635,942.463004200342
873,917.889848340869,10.6929045638727,896.388650272825,939.439561305993
874,918.229916303283,10.6427051289123,896.877282269127,939.493683760162
875,920.312102430437,10.7857020904699,898.715563219013,941.906773896121
876,922.642299124102,10.6263587216154,901.400648490044,943.839484985848
877,924.349147650907,10.8648704705653,902.588517777901,945.946242257269
878,924.430002726796,10.7095961817024,902.972367709123,945.982873443617
879,923.232225168878,10.7979363054383,901.740607675362,944.908854546439
880,921.277563868142,11.0017842379891,899.302353376628,943.288255321177
881,919.323023852814,10.7619063762051,897.850839647641,941.012924118765
882,918.267782282717,10.9049093741463,896.530415226019,940.15417036621
883,918.864888138397,10.7117428432877,897.360223725616,940.188911708715
884,920.614497623752,10.8068288540034,898.903425031197,942.189593658556
885,922.325558297598,10.9120818327495,900.58148314241,944.191562072015
886,923.432074829631,10.6636070371022,902.101348971911,944.745847382571
887,924.035931856489,10.9420060410279,902.186460080817,945.976073317311
888,924.248260657614,10.7784473305549,902.639685801474,945.801402692201
889,924.337480860121,10.9087792414294,902.541366171748,946.179698612546
890,924.508068007183,10.9231583006605,902.603364478296,946.348999952474
891,924.170995096153,10.5889873644903,902.946362350895,945.211411927283
892,921.134624511074,10.574005276228,899.873136600116,942.153243545995
893,914.334365642958,10.1559182039357,894.038776231594,934.616127724926
894,907.394487187407,10.2165134721729,886.901580580316,927.689611435515
895,905.408840714574,10.313802198835,884.899068564286,926.104608409587
896,910.168397606425,10.0840470776277,889.943882171086,930.348468594825
897,918.402303382489,10.2390409912918,897.934393440312,938.898314443153
898,926.850114399288,10.1211774611689,906.469803895921,947.029496985616
899,934.256509355892,10.2291324395283,913.787399097896,954.681927671997
900,939.721705370873,10.374851146363,918.95737910095,960.519908829704
901,943.399018811863,10.3563922929707,922.808676115099,964.179865753869
902,946.572579200132,10.8665133236742,924.857135960803,968.529039532022
903,950.086245263049,10.9528152273689,928.336361132023,972.063205573914
904,953.529945919833,10.9428844673694,931.663828709538,975.466991866992
905,955.820339499259,11.2584719341461,933.344005724033,978.353987228182
906,956.039076603528,11.0641806678166,933.94453298265,978.182368781869
907,954.527912915296,10.6950599296832,933.170273399776,975.852157416947
908,953.279878164652,10.7112784830443,931.890166338744,974.611133318972
909,953.994036729556,10.3605831810944,933.247521516813,974.651568797073
910,956.455063314922,10.3637550717068,935.829545514396,977.14635775169
911,959.871941764599,10.3192815986159,939.226887141402,980.599394977163
912,963.453887712107,10.1389918531006,943.167439961042,983.575661625648
913,966.338850510993,10.2361056671588,945.80427411813,986.85430276678
914,968.201422540111,10.093172440129,948.126494898108,988.327555951059
915,970.098112543411,10.2832331740711,949.558256351748,990.665058600302
916,973.785267632228,10.2349598307302,953.449236025507,994.362171163801
917,979.19345777394,10.098679802405,958.995178836911,999.377910311387
918,984.89589564851,10.2582877163819,964.478619697152,1005.51443630665
919,989.697295161698,10.0990538338235,969.591686047007,1009.89194952133
920,993.830299154779,10.34408103232,973.277272463766,1014.50780559266
921,997.501595366142,10.3514672867299,976.691713583494,1018.13801244333
922,1000.63790192317,10.249793670633,980.186817128306,1021.06593051326
923,1002.61829030614,10.3624191755437,981.99478744873,1023.32313311031
924,1003.49542745314,10.2312063486779,983.09809662691,1023.99143236328
925,1005.06943339864,10.4026582199643,984.169746920917,1025.78636235603
926,1009.3715819649,10.3031784669957,988.74542212438,1030.01250452628
927,1016.34551822988,10.1145936791808,996.164720630339,1036.53727098468
928,1024.29654900631,10.3836876832175,1003.50101669588,1044.95376726871
929,1031.787394396,10.1766102852773,1011.48765780446,1052.15544238021
930,1038.19225318704,10.3077255279769,1017.5335158937,1058.68874726972
931,1042.94607790354,10.1479368408077,1022.62137564659,1063.30283483034
932,1045.81717407945,10.0344963302286,1025.72056180542,1065.88415703824
933,1046.73432720062,10.1118839435602,1026.37802180837,1066.98449037864
934,1046.0080372825,10.03116607368,1025.93084969229,1065.9978407648
935,1044.37187119435,10.2800235114473,1023.85200809111,1065.0374596175
936,1043.00139727968,10.2561786648323,1022.49907803795,1063.47210343325
937,1042.87663125119,10.2622767177613,1022.29268176655,1063.39359992419
938,1044.86166879827,10.3756182328787,1024.11503149371,1065.47283660061
939,1049.19984422286,10.1361623034441,1029.03307567916,1069.46717545829
940,1053.98847390998,10.4467025948806,1033.32875039436,1074.98458478734
941,1056.82824703594,10.5644475690824,1035.71121406017,1078.04250614488
942,1057.29010981852,10.7650065445129,1035.82084135924,1078.83486130291
943,1055.21397318717,10.8954747867641,1033.30933714969,1077.02367709666
944,1050.93751643847,10.5236449472564,1029.78311742933,1072.00374116428
945,1045.20473893149,10.5297219934847,1024.16766689226,1066.34267318574
946,1038.9601220029,10.3790741989857,1018.22786928185,1059.73107119695
947,1033.1058801896,10.3862407918614,1012.33283935247,1054.11000111453
948,1028.6179023336,10.3817990169572,1007.8549247976,1049.34385849986
949,1025.8635436448,10.048362467129,1005.86883536104,1045.99838941659
950,1024.11355213653,10.0471705633351,1004.0712105802,1044.15181866197
951,1022.86070898514,9.82620794414854,1003.16028511516,1042.54567247522
952,1021.55338813848,9.8070433586282,1001.97141407304,1041.13098115581
953,1019.83787899635,9.84967992950577,1000.26712808449,1039.48901418724
954,1018.41119406953,9.60891136805325,999.359347095134,1037.86570656199
955,1019.63405690808,9.67440322517187,1000.20850572601,1039.05022960998
956,1025.27337314752,9.49074865981263,1006.28871357169,1044.26898516745
957,1032.19169620761,9.69269479567905,1012.94029886003,1051.64972300152
958,1091.28795504151,9.85596611515692,1071.66152871897,1111.003221204
959,1088.7895070901,9.80705966517082,1069.02920035293,1108.34186048685
960,1085.92085321815,10.2948367226895,1065.28895715676,1106.5340290816
961,1087.35718239714,10.2127186241108,1066.93800943905,1107.6792721805
962,1091.48119684254,10.1326802713046,1071.19753913053,1111.66616364573
963,1094.89140861787,10.1093096954228,1074.78266885047,1115.19297963397
964,1095.65493872783,9.93553284229653,1075.63796020605,1115.4811668944
965,1095.40768460274,10.2046874106541,1075.14422098531,1115.87779710028
966,1095.34604066246,10.0611940851182,1075.25947902436,1115.50835016473
967,1094.78055248621,10.2244158672735,1074.40426292941,1115.28054409002
968,1092.21422799925,10.2232358446822,1071.79749699821,1112.69759716381
969,1088.30606166534,10.1429672437849,1067.97588875633,1108.63643198457
970,1085.78557163579,10.3710252837556,1065.08238000246,1106.51909211712
971,1087.08470996345,10.2315114878243,1066.77332507951,1107.74675592105
972,1091.64548237771,10.3581823491807,1071.01441826164,1112.28390811927
973,1098.01312174493,10.3669258737766,1077.40296479244,1118.8164591523
974,1104.94077221605,10.2460415790061,1084.51717699528,1125.36868675451
975,1111.30005570756,10.4045704814397,1090.42437892935,1132.16491331795
976,1116.37511162923,10.2416776648176,1095.85112468336,1136.7898164401
977,1119.98380091918,10.3570648634353,1099.29069819529,1140.79253872223
978,1122.31280810511,10.4519093888,1101.47689140103,1143.16453317218
979,1123.20978822717,10.5205652925595,1102.42612584646,1144.25488002036
980,1121.63348262924,10.8863184062143,1099.92080891444,1143.38270854936
981,1117.33581177803,10.8532101640363,1095.62458397954,1138.98327062997
982,1112.33909478049,11.2247602150615,1089.95486307356,1134.8386752415
983,1108.9218156822,11.7751058864236,1085.44341135633,1132.57786359148
984,1107.87443410704,11.6646814449272,1084.53674606613,1131.21322862695
985,1108.35424796913,11.6599202423356,1085.01150156977,1131.56895737729
986,1109.54257186346,12.2306081590747,1085.25209501466,1134.04247901532
987,1110.77125520676,13.1255324884861,1084.78289962665,1137.15457855745
988,1112.02851155199,13.6580935080386,1084.95952866903,1139.33474462024
989,1113.22320015172,14.0026355883114,1085.56981151187,1141.50146654575
990,1114.36537473297,13.9271500256964,1086.62823882277,1142.3739584258
991,1115.47975996212,13.5928128951521,1088.39760443344,1142.89168752746
992,1116.66276151686,12.9554956751216,1090.9882581117,1142.64309317561
993,1117.64710622363,12.3321077708291,1093.01566944729,1142.47353419506
994,1118.73792877667,11.8178478996142,1095.19320500042,1142.31398815702
995,1119.88776114452,11.4711962907389,1097.07573015545,1142.97287741125
996,1121.01246469559,11.4734681727407,1098.12655373292,1143.91871719704
997,1122.14949192335,11.7221766675618,1098.77886233916,1145.70314395789
998,1123.38999863639,12.2194252703869,1098.94267699667,1147.78663838394
999,1124.55232405975,12.7740430914571,1099.01769615086,1150.03236131051
1000,1125.75691523148,13.3187197289577,1099.12649929271,1152.35340059058
1001,1127.06466471831,13.6905189227849,1099.77996314325,1154.50113094367
1002,1128.36288127896,14.0296222104336,1100.48220138741,1156.53579325354
1003,1129.62776884663,14.2214649125927,1101.26466278044,1158.0136742977
1004,1130.85835662913,14.3222587828026,1102.32034988232,1159.5958670117
1005,1132.08766858885,14.2931679117163,1103.4837420723,1160.61980260449
1006,1133.29595419867,14.1104935433529,1104.98013664731,1161.43926318153
1007,1134.36388902521,13.9500544085986,1106.42194178277,1162.3402761431
1008,1135.36875380371,13.6735269064672,1107.97098250289,1162.81773301136
1009,1136.33777005195,13.425151808032,1109.47622321389,1163.16971878118
1010,1137.14965964766,13.1595695200616,1110.85696182917,1163.39183171126
1011,1137.89795236505,12.9020985579088,1111.94309679547,1163.75838454227
1012,1138.49839906109,12.6889491507227,1113.04150872769,1163.89632058577
1013,1138.96586592692,12.5499972409373,1113.84242625054,1164.12966880612
1014,1139.24006367653,12.4546238091251,1114.32530170575,1164.21008733947
1015,1139.42930173429,12.4718996278653,1114.59355410811,1164.3592090636
1016,1139.37318554949,12.4955855319776,1114.43265797433,1164.43929978914
1017,1139.08207013985,12.6025378836442,1113.88332786522,1164.50948675456
1018,1138.6600320499,12.7145963925953,1113.24496826816,1164.00384295809
1019,1138.04687447145,12.8836850032138,1112.13170578934,1163.83220549258
1020,1137.10354505084,12.9714581336137,1111.16789089867,1163.10112541713
1021,1135.99526281156,13.0203801221813,1110.00685468624,1162.25416226342
1022,1134.52866289935,13.1081222561361,1108.24870670351,1160.6815189954
1023,1132.97522318232,13.0694833422013,1106.93492427373,1159.0690864418
1024,1131.25064109082,12.9483106404903,1105.30001423813,1157.17423680013
1025,1129.25974168971,12.8493187547928,1103.53018923912,1154.98957782342
1026,1127.26852929969,12.6686220100711,1101.98769899902,1152.45343173089
1027,1125.13580493053,12.4534561645125,1100.22619278882,1150.03581728299
1028,1122.91623337987,12.2606301611772,1098.4072567957,1147.47527215121
1029,1120.71507477048,12.0813700020365,1096.68775535975,1144.95016340604
1030,1118.37786873596,11.8850066870256,1094.61377421819,1142.14562501268
1031,1116.14624372971,11.6940120276968,1092.57090824062,1139.39083615689
1032,1113.94504367939,11.5986777000653,1090.76243453866,1137.237196866
1033,1111.71425880417,11.4591003769171,1088.84135299023,1134.63283909893
1034,1109.74225707619,11.445407531606,1087.01767257485,1132.78243217441
1035,1107.78341681767,11.4030177563271,1085.05415297414,1130.82276730274
1036,1105.98752342025,11.4037510146315,1083.28699530947,1128.87307904254
1037,1104.2880135148,11.5219150823495,1081.45112224003,1127.48001237579
1038,1102.92516404653,11.622543825201,1079.93742234804,1126.34006052085
1039,1101.71594049749,11.7952824889157,1078.26105436598,1125.45408648616
1040,1100.7922144603,11.9401026630241,1077.1619116856,1124.71006584419
1041,1100.03675469755,12.0933732971019,1076.09760123172,1124.39529389408
1042,1099.71617972036,12.2708934627369,1075.43370651683,1124.33390126736
1043,1099.69913839803,12.4063332302102,1074.87143327692,1124.60497942904
1044,1099.99998434416,12.4473594808189,1075.25547776766,1125.05332783469
1045,1100.7731894335,12.5776082038618,1075.77301377551,1126.13055943836
1046,1101.93051236599,12.5010906519433,1076.97523610446,1126.94977163977
1047,1103.43349760892,12.5232825451885,1078.45416751592,1128.39632737048
1048,1105.28890969152,12.4164730770365,1080.62561203271,1130.2094670078
1049,1107.47624123151,12.3516140642839,1082.81607374193,1132.30828739152
1050,1110.10860310512,12.1664474333424,1085.85823558263,1134.57169150224
1051,1112.92149888,12.0592817656506,1088.88363394681,1137.067554239
1052,1115.92151038125,11.9039426097934,1092.12559618043,1139.83335328769
1053,1119.29922486362,11.8208880543348,1095.69769602948,1142.96626159132
1054,1122.80228695994,11.7377389051939,1099.21052317797,1146.25844827535
1055,1126.48984759383,11.6772562385463,1103.1214930901,1149.80778206471
1056,1130.30019934145,11.7130645537494,1106.85573130084,1153.7265163472
1057,1134.27655008127,11.8157303962416,1110.52855408013,1157.82534893472
1058,1138.3331533457,11.8490183863437,1114.65024867045,1161.98096675151
1059,1142.45684276717,12.0671365834665,1118.32846066293,1166.71135887095
1060,1146.69712528,12.2404880788194,1122.17554358742,1171.3272709688
1061,1150.777150411,12.5000634444537,1125.74914560522,1175.77371734424
1062,1154.98782107297,12.7595425239907,1129.38775587089,1180.45539289878
1063,1159.08754069441,12.9606800528797,1133.0277176213,1184.94648848535
1064,1163.14909075764,13.2301284406921,1136.53859350763,1189.49009628378
1065,1167.07811813491,13.5387503413349,1140.21061199398,1194.13302439431
1066,1170.9393490191,13.7022363530391,1143.45127100285,1198.37557111967
1067,1174.62423567075,13.9288027906693,1146.57801917705,1202.41024944685
1068,1178.1003619928,14.0612029862047,1150.04540583633,1206.33988036673
1069,1181.38094312332,14.0966198156766,1153.19629391504,1209.6050416048
1070,1184.37816612049,14.1280966022727,1156.12371009059,1212.58416886661
1071,1187.24150569239,14.0581726007557,1159.19586959133,1215.3603207883
1072,1189.77791459731,14.0099358052195,1161.73650443512,1217.80570167552
1073,1192.07339878349,13.8408533710045,1164.36928545555,1219.51999805266
1074,1194.12057052739,13.6256404842326,1166.81540018939,1221.45135897368
1075,1195.92974594458,13.4547754464136,1168.87444626515,1222.72490703065
1076,1197.58203084153,13.2299321011386,1171.15377519397,1223.85627216437
1077,1198.92187002155,13.0256218498945,1172.92689990153,1225.00325823111
1078,1200.07382398761,12.8442878309149,1174.20499146035,1225.60791727715
1079,1201.16744673904,12.7297849507577,1175.68709770513,1226.39069756482
1080,1201.98844513658,12.6678203037256,1176.42761737493,1227.42188437053
1081,1202.56452385104,12.6307863449728,1177.23978894074,1227.86314890321
1082,1203.07827068536,12.6355760133864,1177.78716088996,1228.1709863836
1083,1203.4225374051,12.7106598098068,1177.94576336884,1228.72113866083
1084,1203.59651656661,12.8573853934126,1177.92122495029,1229.28099827999
1085,1203.62330661539,12.9525659756246,1177.77340349037,1229.52153524242
1086,1203.57713693286,13.1339678976156,1177.36200438602,1229.87151312467
1087,1203.32594084966,13.3543389026385,1176.70202893565,1230.14702592443
1088,1202.93898781805,13.5812002495751,1175.63874281019,1230.12951699615
1089,1202.57222491214,13.7516134849351,1174.95279610099,1230.01353615423
1090,1202.05067123551,13.9009226395068,1174.19571989375,1229.9188290428
1091,1201.43682498286,13.9415847265059,1173.43395650365,1229.21079016977
1092,1200.77713097665,14.0579476811533,1172.79847753167,1228.98362759359
1093,1200.04037606351,14.0294130437979,1171.90893503428,1227.99264449505
1094,1199.15024754012,14.0143042946193,1170.9792261979,1227.06147275422
1095,1198.28401819484,13.8876675205188,1170.43984273217,1226.17481997262
1096,1197.37848093197,13.6900781702654,1169.87103824042,1224.63660117081
1097,1196.44250089555,13.4975192189211,1169.39790624726,1223.45587605729
1098,1195.52583250777,13.2611269224814,1168.92468874009,1221.99773189691
1099,1194.58965064696,13.1059217331017,1168.40892655141,1220.87659804411
1100,1193.59719621465,12.9159128093317,1167.71307105043,1219.36221652285
1101,1192.7030387823,12.849144893155,1166.97503458174,1218.38036866741
1102,1191.80418590679,12.9650026776784,1165.90166696347,1217.75191086231
1103,1190.966418156,13.0249207653109,1164.93756697958,1217.10721385606
1104,1190.12015360521,13.2641188631183,1163.52250490846,1216.6635753167
1105,1189.46330793456,13.5816840418089,1162.38003182555,1216.64352331821
1106,1188.82777270458,13.925508486533,1161.00495012001,1216.72444781327
1107,1188.34379569804,14.4190046281722,1159.40608542378,1217.32915024542
1108,1187.85732705012,14.8185362654379,1158.29013547049,1217.53540844323
1109,1187.52849185204,15.2885542195261,1156.88681863438,1218.28321865471
1110,1187.31253725843,15.7253290596322,1155.77683519693,1218.88444266216
1111,1187.2823381856,16.0600188452547,1155.29500399993,1219.4086349269
1112,1187.40316408962,16.4287298244403,1154.57784648696,1220.41167849683
1113,1187.62480919703,16.6202975341957,1154.25980327537,1221.03375049897
1114,1188.05055431906,16.7189626794829,1154.54967922156,1221.5483254186
1115,1188.71407463332,16.684936346066,1155.38586714528,1222.21074386076
1116,1189.51923540816,16.5196926277723,1156.53934090389,1222.81472642618
1117,1190.53823601823,16.2499868504315,1157.96240711325,1223.05845436662
1118,1191.76226481966,15.8437418520366,1160.03688317386,1223.60027201284
1119,1193.29436325206,15.3865912522159,1162.49847454987,1224.14230070946
1120,1195.11278407415,14.8655252735436,1165.4342437512,1225.01962487071
1121,1197.07592548213,14.3995064368829,1168.24918610563,1225.87010296813
1122,1199.24419208293,14.1346619618879,1171.03138120427,1227.66088247291
1123,1201.58744372832,14.0565209483163,1173.64038925351,1229.72798988301
1124,1204.01377630862,14.2116290033822,1175.82161164636,1232.45807709446
1125,1206.4953127697,14.4847034104672,1177.56747881832,1235.5011843687
1126,1209.00989081797,14.8124986934216,1179.38695730003,1238.79312749146
1127,1211.43259318004,14.8987830066181,1181.90554945176,1241.2648332473
1128,1213.80949353032,14.7538576982645,1184.48478216575,1243.64805920557
1129,1216.05812781132,14.2370834190217,1187.81875251357,1244.66052133641
1130,1218.12541564766,13.3555010423505,1191.3269160934,1244.84366730043
1131,1220.01808913231,12.312242139576,1195.2998111874,1244.69371790992
1132,1221.5840197697,11.7286262959149,1198.19323919486,1245.03910299186
1133,1223.17197782115,11.8689259710975,1199.57168782811,1246.96135205815
1134,1225.24120487363,12.0764769224106,1201.27684807452,1249.36927357406
1135,1227.55418018397,11.6653450258848,1204.13254885765,1250.79461041769
1136,1228.59084244389,11.934997333246,1204.85937710652,1252.46416242674
1137,1226.7396337685,12.493702417453,1201.83034553036,1251.80559832939
1138,1221.72226322373,12.8024646544293,1196.20788505076,1247.41407777845
1139,1215.68739714259,13.4700546340712,1188.78146963123,1242.74090952247
1140,1210.45758417763,14.3005268199205,1181.82732610972,1239.10607941002
1141,1208.44898144283,14.129722682081,1180.07168402741,1236.7006557073
1142,1209.6855091231,13.448190417109,1182.61166791332,1236.58572300558
1143,1213.0782040963,13.3536057507515,1186.32716437585,1239.82960699878
1144,1216.78590398762,13.3350854142441,1190.25847728943,1243.60625509312
1145,1220.10953944806,13.0651035024709,1194.02758519936,1246.19731233263
1146,1222.51819483342,12.9189449462171,1196.66124604905,1248.42351839255
1147,1223.61914045889,13.0225160822178,1197.6977671684,1249.75613893239
1148,1223.00522260648,12.4166634173552,1198.39500416203,1247.93679638568
1149,1220.8937160466,11.288880280166,1198.50667805786,1243.60237834508
1150,1218.94441266845,10.8668981617297,1197.34346789971,1240.75306128157
1151,1218.88621662684,10.3621636718969,1198.16269351647,1239.57769838129
1152,1220.45439857416,10.2696510661708,1200.021343515,1241.08066949562
1153,1222.84356680985,10.382208599925,1202.18620475951,1243.70862177258
1154,1225.27069469228,10.2343776659734,1204.82229013675,1245.67290893589
1155,1228.03474162303,10.505351388569,1206.99941625496,1248.99315685759
1156,1231.0940462692,10.3853985431716,1210.40978862928,1251.93472076548
1157,1233.35168822327,10.4361360983215,1212.56791258833,1254.20009521668
1158,1232.87155487619,10.5092503340211,1211.85612850507,1253.93716564243
1159,1228.69328647671,10.3016010259593,1208.10159092667,1249.36784511345
1160,1220.9247296531,10.4510336311304,1200.05133271209,1241.94195200305
1161,1210.16614861906,10.3154422406715,1189.59456296322,1230.85155585542
1162,1198.71008160274,10.4168295007907,1177.88291613531,1219.63897057617
1163,1190.13101321881,10.5464105998261,1169.10489175632,1211.28807357459
1164,1185.59236900452,10.4682525888642,1164.78200510121,1206.54582230378
1165,1184.12547266372,10.6719378925002,1162.78328815313,1205.57787093913
1166,1184.23048395561,10.3390901116439,1163.51697124186,1204.8005167652
1167,1185.70667944599,10.1892297849447,1165.3150607027,1205.99006519474
1168,1188.58521350472,10.1284717790027,1168.37047951945,1208.84741003991
1169,1190.87012916664,9.56892798257943,1171.72646330064,1209.92997110698
1170,1187.28391562661,9.36327642464988,1168.60542715613,1206.03964597376
1171,1174.75298091909,9.09419078639539,1156.62237004559,1192.93386444565
1172,1160.32946669922,9.11319028798649,1141.99071230213,1178.65684446292
1173,1154.45126190718,9.06911523600678,1136.21672483961,1172.61556749475
1174,1164.01372374219,8.94565589345039,1146.13915499672,1182.04142182276
1175,1192.5265742798,9.02528166203118,1174.46879576393,1210.65681412238
1176,1239.21248451937,8.95468992482993,1221.21334996441,1257.00840402892
1177,1285.53745008471,9.07684977840544,1267.34977205663,1303.81482679681
1178,1307.90087061388,9.14322219667377,1289.59774045463,1326.24952318552
1179,1303.23997487077,9.1598909446035,1284.80464149057,1321.51493814772
1180,1291.84419520717,9.34298457541906,1273.08750454284,1310.555748672
1181,1290.33393804369,9.46888328895324,1271.45474281776,1309.35629578236
1182,1294.64797967108,9.88383758407549,1274.84466237704,1314.4024506804
1183,1295.49861202821,9.94376581616463,1275.67654252504,1315.41071314108
1184,1290.64933241252,9.80135096100308,1271.09205660366,1310.29755524512
1185,1284.59996868411,9.9254444738612,1264.71884764683,1304.4403766165
1186,1281.30291344754,9.7638612996679,1261.78880695147,1300.8522040487
1187,1280.44605773467,9.84396527396184,1260.69500610109,1300.05870365128
1188,1280.9794381858,9.84493333269983,1261.37813337289,1300.74535571069
1189,1282.91049979141,9.60851328593795,1263.75580828597,1302.07310391939
1190,1287.09666881479,9.73339331537028,1267.64554811545,1306.61688060039
1191,1293.8916965816,9.54699741500103,1274.87706131571,1313.05473058586
1192,1302.23293603672,9.81620788076443,1282.61078454367,1321.81802494941
1193,1310.32057440686,9.94555188718467,1290.61293050422,1330.2481055846
1194,1315.94238612334,9.79160043291956,1296.29013648026,1335.64351790265
1195,1316.57436027184,9.85090689988521,1296.84454017712,1336.2723280083
1196,1311.30930616772,9.66958289952627,1292.04640183708,1330.76132514406
1197,1304.05575464752,9.89506672576612,1284.31823448184,1323.84035306699
1198,1299.51986570849,9.91075714702589,1279.76044973364,1319.245517023
1199,1298.3697991576,10.102912115414,1278.18553664175,1318.57607134874
1200,1298.28978691943,10.3674382122191,1277.66069933943,1319.05116700948
1201,1297.667681497,10.2244176898007,1277.26398029616,1318.16349827291
1202,1296.90587759934,10.3726244740541,1276.1459909453,1317.69358139296
1203,1296.65670495629,10.2190000527494,1276.16979945425,1317.09557406336
1204,1296.75106407664,10.0890383737982,1276.61453201284,1316.95134632951
1205,1295.97422864521,10.2590494703869,1275.56491663773,1316.42395252283
1206,1293.9689707529,10.3499787210635,1273.41397249776,1314.81914843898
1207,1290.56638893204,10.692536190129,1269.21329504092,1312.00562357059
1208,1286.00323388711,10.5694724316689,1264.99455318609,1307.22488215817
1209,1280.62661671755,10.3719337118604,1259.90081359322,1301.39835327692
1210,1274.67789703783,10.3175069469599,1253.93929009466,1295.15704541597
1211,1268.88317199636,10.2327981211052,1248.46032840303,1289.2393364182
1212,1264.14356065841,10.4110019381605,1243.23122662565,1284.85992603276
1213,1261.54132125584,10.3532267357483,1240.92625225432,1282.31304954649
1214,1261.21861191274,10.3527136017997,1240.46770515253,1281.84542881573
1215,1262.26348499253,10.4241265885824,1241.24424291957,1283.01789863455
1216,1263.79454484734,10.2424241493222,1243.40499135704,1284.32755680829
1217,1264.78986234646,10.4025766066845,1243.89374441499,1285.51084109963
1218,1264.28384502736,10.2400963443795,1243.89434777534,1284.78059182503
1219,1263.17291839261,10.1834565118983,1242.81763502548,1283.55070637679
1220,1263.33852797253,10.2746437637638,1242.95343722625,1283.97708178849
1221,1265.26155923259,10.155359837778,1245.00617754784,1285.75303228668
1222,1267.23714246786,10.4657181839024,1246.26371791881,1288.21229740514
1223,1267.36476983403,10.2601309395833,1246.7742049668,1287.8614390429
1224,1265.78844641769,10.1779862321654,1245.51006636667,1286.25086526695
1225,1263.47206425281,10.3062156022268,1242.94874237354,1284.06685654948
1226,1260.91414639693,10.0550148140496,1240.91124446552,1281.00213434582
1227,1257.6400003963,10.1794417120498,1237.31926007212,1277.94973355111
1228,1253.41146341752,10.1185989328605,1233.21611197094,1273.68951037828
1229,1249.3998520037,10.6432991431265,1228.20696047169,1270.69047408503
1230,1247.60623540533,11.3039950908714,1225.09436447219,1270.30931348463
1231,1248.67590459877,11.5644985166817,1225.65636418022,1271.88293643268
1232,1251.96333079957,11.9869221754821,1227.92841858209,1276.02473911887
1233,1256.36239389537,12.1267877262917,1232.13278503079,1280.69326375595
1234,1260.67582181114,11.6488556737079,1237.28047040299,1283.926202836
1235,1263.92563812223,11.3995065895267,1241.26257511831,1286.85522569203
1236,1264.74378062612,11.6946444370014,1241.5130255511,1288.15102607381
1237,1262.18654441551,12.0940749319295,1237.95052016446,1286.47458452208
1238,1255.34559353937,11.8969310570102,1231.511097593,1279.12274658206
1239,1246.12971832747,11.6492388870507,1222.9303251812,1269.49386541036
1240,1238.14156598613,11.9111515284992,1214.3547645792,1261.89330299144
1241,1234.87874359772,12.2720558506489,1210.26859525119,1259.35155860118
1242,1239.07471613257,11.9398536522412,1215.29559086257,1262.90423107986
1243,1249.14348694339,11.4584228449466,1226.07197351688,1272.06578851304
1244,1261.87113815663,11.6367730080204,1238.61404650639,1285.24243751098
1245,1274.13788267626,11.9774470583872,1250.33847690291,1298.11781294516
1246,1283.07913172661,11.7415255023962,1259.57763497152,1306.69109912964
1247,1288.28945540928,11.435898697264,1265.36380289598,1311.18272554536
1248,1290.55198546317,11.6676882398651,1267.13766038476,1313.93538375641
1249,1290.63361693231,11.8925036661415,1266.71969242082,1314.39400831364
1250,1289.15161008546,11.6252799326523,1265.9908476155,1312.41946137253
1251,1286.67950085195,11.7582939031342,1263.21237329493,1310.15940053647
1252,1283.7101455329,11.737313747685,1260.25077262216,1307.29060875859
1253,1280.35424445815,11.4677434460018,1257.43649580414,1303.26152100548
1254,1277.11532350971,11.5650378463875,1254.07972074322,1300.31663948682
1255,1274.20034493457,11.1321685272958,1251.90177419012,1296.43110640115
1256,1272.24402131563,11.0412161686388,1250.31267090227,1294.41066271818
1257,1271.54503194299,11.7060892933462,1248.27621491602,1295.00183896703
1258,1272.21332896023,12.122033857252,1248.08853735441,1296.49747239416
1259,1273.97104432555,12.261003714357,1249.65461374359,1298.46633216805
1260,1276.37023840336,12.2685886202759,1251.85757177096,1300.86137828205
1261,1279.06286909135,12.5590689135849,1254.01028892999,1304.09513618768
1262,1281.72214428872,13.0752729632944,1255.51679984678,1307.89538080767
1263,1284.19772849464,13.6299676685508,1256.90917238918,1311.57351670508
1264,1286.57484213407,14.2213243049485,1258.06995568395,1315.21875981625
1265,1288.83288265691,14.6530542075041,1259.6094104417,1318.23264130896
1266,1291.02096835277,14.9327142163554,1261.14594138886,1321.02853949337
1267,1293.03771757119,15.1040401670322,1263.02571269099,1323.38538594525
1268,1295.0552807712,15.098589036241,1264.78081285585,1325.35540603859
1269,1296.99295550612,14.9977259006171,1267.08292323369,1327.05640934407
1270,1298.98875507375,14.697115139667,1269.65788702509,1328.52283308098
1271,1300.84300098213,14.4296038337988,1272.15343683766,1329.77908137286
1272,1302.73611961338,14.0874122533432,1274.55946817255,1331.00781912737
1273,1304.6351905978,13.6418083373818,1277.34293867624,1331.96006798792
1274,1306.54642870603,13.3047499680788,1280.06975960445,1333.11323125354
1275,1308.45635802549,12.9448084391012,1282.62279949277,1334.21456247658
1276,1310.4919300426,12.7824435317253,1284.94800556569,1336.08915909653
1277,1312.53791953427,12.6449707470835,1287.31074621343,1337.90072349999
1278,1314.63872412115,12.6130943294804,1289.38221224855,1340.01556076726
1279,1316.91916354952,12.6783892206556,1291.55277898795,1342.25177863568
1280,1319.16414596619,12.8796498968371,1293.35623759241,1344.81567455944
1281,1321.66989622167,13.1642738942018,1295.31854947583,1347.91038390982
1282,1324.1637606112,13.4124183278066,1297.36549391617,1350.94342475078
1283,1326.83529714358,13.6611196754063,1299.60646902317,1354.19265973449
1284,1329.71870160019,13.9094472884586,1302.00666378139,1357.49674351025
1285,1332.74179876744,14.0788402103653,1304.51514735915,1360.72341689311
1286,1335.95153411569,14.1285507566812,1307.6133491429,1364.15966819677
1287,1339.30849711783,14.0730186602375,1311.22834591017,1367.48784996577
1288,1342.87719126679,13.9923227426548,1314.92091459519,1370.75233643666
1289,1346.65373026557,13.7871212377411,1319.08126155894,1374.25360028151
1290,1350.57653627523,13.5800369964751,1323.42279110368,1377.76871782385
1291,1354.56687045464,13.2692399286519,1328.19093331309,1381.13973548882
1292,1358.68965876615,12.9599330774493,1332.89101592146,1384.7069706209
1293,1362.94794190634,12.7438890680305,1337.33786391865,1388.39068812817
1294,1367.3252340107,12.545531085601,1342.32745602872,1392.40011995325
1295,1371.78156369266,12.460933512493,1346.94725636199,1396.65149132118
1296,1376.20346430809,12.4669491789348,1351.30440061337,1401.08614684602
1297,1380.80142459595,12.5564571969014,1355.85924331209,1405.87189926718
1298,1385.396535731,12.82006473151,1359.71882269921,1410.88434338914
1299,1389.93630543885,13.0193924885343,1364.00080842468,1415.92253037879
1300,1394.56007979163,13.2653117112806,1368.04149078555,1421.08138039541
1301,1399.1780145063,13.5461721645269,1372.18994271852,1426.28788592033
1302,1403.70842881483,13.8255989347863,1376.28568836537,1431.33692851273
1303,1408.24720323481,14.0050281220328,1380.22118080992,1436.24125970248
1304,1412.68880122323,14.1658654398128,1384.27735681891,1441.01759677284
1305,1417.0760133936,14.1257788247425,1389.05024545758,1445.4788070734
1306,1421.3954892322,14.0413624641884,1393.41265574385,1449.57831261228
1307,1425.56564988805,13.8224288150513,1398.19949706392,1453.36262286911
1308,1429.63598698665,13.5130963141298,1402.60727698474,1456.79087093286
1309,1433.56823479328,13.086425950208,1407.36517993475,1459.97008907412
1310,1437.43653289119,12.6894108690055,1412.04002545461,1462.76369320191
1311,1440.94762422419,12.4794206591573,1415.95795476448,1465.93595359338
1312,1444.3577521731,12.4060313060628,1419.42702819034,1469.12329969027
1313,1447.4248049513,12.6750488282165,1422.1192821036,1472.73293234744
1314,1449.97781505311,13.0286019422881,1423.75588317515,1475.84778222819
1315,1452.07931248977,13.4913087850824,1424.98462135672,1478.87995186539
1316,1453.56190289703,13.7664995904911,1426.01632600959,1480.99362733815
1317,1454.3623034681,13.7757015852119,1426.96753725033,1481.98117979006
1318,1454.45108469666,13.5234194251554,1427.3699734556,1481.42907857287
1319,1453.90219304231,13.1599674993013,1427.64594589006,1480.29680122103
1320,1452.79455978282,12.9807800107021,1426.90426817125,1478.7813692863
1321,1451.39268794556,13.2051448606046,1424.84951257167,1477.62179351663
1322,1449.75178562073,13.7856161030855,1422.10696467732,1477.27048433595
1323,1448.10331702141,14.4550690742868,1418.98778853921,1476.79507527326
1324,1446.57559957892,14.9895676325241,1416.39527219942,1476.29533549143
1325,1445.3116324096,14.9814022727851,1415.09737341211,1475.1038455851
1326,1444.42629700734,14.5621636733508,1415.04086538021,1473.31873640939
1327,1443.7005733838,14.0265245557871,1415.66877730848,1471.63036755859
1328,1443.21853610957,13.7582913197159,1415.73669078881,1470.67528132721
1329,1442.67503087972,13.9861020131233,1414.74550315093,1470.53488859331
1330,1442.0848209165,14.7416538470644,1412.21913842839,1471.34176890702
1331,1441.27891928657,15.5829117904612,1409.69929181317,1472.17003707155
1332,1440.0123506608,16.2539168112568,1407.17632473106,1472.15896422229
1333,1438.3682761261,16.3640608725529,1405.29404423217,1471.0744942368
1334,1436.2479352707,15.8667089375441,1404.10594825254,1467.65533747272
1335,1434.05477156537,15.002707396767,1403.75701284323,1463.70745963333
1336,1431.8156458219,14.3225829260232,1402.9152155579,1460.34399268298
1337,1429.88839237468,14.0538686710216,1401.69719679018,1457.90545540936
1338,1428.54975793865,14.382042490332,1399.92340264942,1457.44025680431
1339,1427.92340754689,15.101816454914,1397.89327809946,1458.19353199585
1340,1428.32418362434,15.9052194916306,1396.35941019526,1460.13796237117
1341,1430.12900956153,16.2555796385251,1397.69719169127,1462.86981536241
1342,1433.2833374027,15.9353075668737,1401.36404397175,1465.31004103309
1343,1437.70019571885,15.1466133182933,1407.34605014445,1468.04276790903
1344,1442.8937523673,14.2859216510497,1414.33611449823,1471.42904615143
1345,1448.82162645567,13.6811923073195,1421.47487267455,1476.17118195136
1346,1455.07820365578,13.5876133646841,1427.87695728656,1482.26083273723
1347,1461.30215611598,14.1021695464891,1433.08952092907,1489.5801507653
1348,1467.32770004418,15.0323554572268,1437.4081428346,1497.41991815533
1349,1472.86072760189,15.8923599132112,1441.2784199361,1504.87255418597
1350,1477.46295289572,16.4355495989741,1444.72932362794,1510.41815283086
1351,1480.98937420216,16.2723005087515,1448.44121040105,1513.57488216014
1352,1483.35397813101,15.5077491507376,1452.18249441229,1514.20926581556
1353,1484.7962369019,14.6334032053378,1455.32815167388,1513.95212722779
1354,1485.58337300473,13.9229161278349,1457.52103403562,1513.22823456546
1355,1485.87084600298,13.7245182768562,1458.2276102804,1513.32134084763
1356,1485.80198405959,14.1083771147245,1457.44886043686,1514.03653398983
1357,1485.60436441001,14.9251224498753,1455.69739453591,1515.67583522957
1358,1485.45378238681,15.7362833992301,1454.08423052956,1517.0232041356
1359,1485.60953532385,16.117230589164,1453.39039890965,1517.87611610143
1360,1486.17591423294,15.9096418803149,1454.42448666098,1517.96110229749
1361,1487.23948752571,15.1557564494169,1456.93388184055,1517.56740501737
1362,1488.59399328373,14.3346540271933,1460.14393860019,1517.20126898328
1363,1490.17199173134,13.8085580764921,1462.51779340041,1517.74633954047
1364,1491.806173482,13.9021311237016,1464.03048682054,1519.40898232793
1365,1493.42836800604,14.4617996574314,1464.39999094828,1522.29518539197
1366,1494.83432537639,15.1151353796478,1464.40069551201,1524.7763150865
1367,1495.9902763599,15.3739131614723,1465.09824356482,1526.49499393809
1368,1496.70081046189,15.1990367614175,1466.33022096022,1527.06316017668
1369,1497.28125001769,14.6965326765088,1467.95121745445,1526.62812351052
1370,1497.53446989699,14.3118277342455,1468.86253217406,1526.08990210092
1371,1497.84157249517,14.280768346947,1469.28342713632,1526.15134799507
1372,1498.11657654804,14.6337497492138,1468.88267838861,1527.22038279829
1373,1498.54107540659,15.1000399695063,1468.49036141245,1528.72207332375
1374,1499.16562927766,15.4338376698981,1468.41552797521,1530.07629329642
1375,1500.17254496165,15.3266100214336,1469.37147844123,1530.91350447354
1376,1501.42983845582,14.8288394663085,1471.77859686946,1531.229626698
1377,1502.94415725909,14.2035578411111,1474.52723457077,1531.38334385559
1378,1504.79321233989,13.8997897262442,1476.94664330574,1532.52456707111
1379,1506.70508178908,14.1183633360787,1478.52594381073,1535.02506016543
1380,1508.79199987371,14.6122996568197,1479.62009823549,1537.99331622384
1381,1510.95712728885,15.2611220964228,1480.4403825787,1541.57921445217
1382,1513.12256337858,15.5289357948184,1482.0592043358,1544.3100443735
1383,1515.35088723037,15.2126649380178,1484.93197037123,1545.86407852901
1384,1517.4323891086,14.520320196537,1488.37770563825,1546.42436526084
1385,1519.51309294519,13.6397365930633,1492.14324146841,1546.74047186687
1386,1521.50803639078,13.2826423837374,1494.96490092266,1547.96591599136
1387,1523.40774426573,13.4577113277091,1496.57011719632,1550.35241599534
1388,1525.18137071308,14.1988994290521,1496.83560548941,1553.5022030682
1389,1526.910015835,15.2299720175458,1496.4866040752,1557.47831690117
1390,1528.49901447408,16.0366030568164,1496.47603707204,1560.46746698637
1391,1529.9170386291,16.2865006696675,1497.34794603179,1562.29235774942
1392,1531.28160981353,15.7186924957804,1499.73982417774,1562.62997678457
1393,1532.4506395785,14.821723541566,1502.76033083818,1562.08453473581
1394,1533.56100899699,13.8093223476322,1505.70347026921,1561.04045708305
1395,1534.52686284874,13.2930700959571,1507.91711419895,1561.21159504099
1396,1535.47189425683,13.4776218047648,1508.30501855345,1562.34868964443
1397,1536.29249941852,14.2590018478114,1507.5202059888,1564.66169644973
1398,1537.13037479604,15.2775844176639,1506.37583458807,1567.55637225624
1399,1537.9623761771,16.1139169058097,1505.56884479886,1570.05004316098
1400,1538.65551028808,16.5427065363544,1505.39168464431,1571.62167490902
1401,1539.49367168758,16.6024896490303,1506.17308432388,1572.55128086949
1402,1540.14117909328,16.6064471726994,1506.86849895162,1573.21916000171
1403,1540.49132095511,16.8749808361117,1506.70661608424,1574.27700744779
1404,1540.38748744919,17.0569124994193,1506.06338757017,1574.52247063775
1405,1539.47099639036,16.5886785098507,1506.01737752881,1572.37249609949
1406,1537.78017206864,15.5109418811782,1506.74538476576,1568.8040885272
1407,1535.16972964929,15.2704600340363,1504.45808897901,1565.77393321453
