"calageBP","realisation_1","realisation_2","realisation_3","realisation_4","realisation_5"
726,805.426413144549,823.312863504551,791.14365769829,813.882708031431,813.730684685597
727,817.20277628905,823.8049176936,803.531658064749,815.741661134174,821.201151680841
728,826.392465760552,825.200253931832,815.612654120109,821.482419399492,826.150181088145
729,833.365014794067,827.923587345124,827.812243096593,829.132743831534,830.273986957161
730,839.634364434654,833.062055423462,839.646399577444,837.310810935529,835.628665307221
731,846.280074672377,840.954323188332,850.170194828122,844.794472381179,843.191823115582
732,853.430122127709,850.340768857553,857.493901668949,850.687482422656,851.654760586457
733,860.873035258509,859.676691347226,859.965361673825,854.262495545112,859.487335261291
734,866.415226066456,866.700268246515,859.186502003928,855.955867477197,865.808570733761
735,866.834893310895,868.788508747577,858.474418543212,856.821658672113,870.083338262824
736,862.034394914205,865.786724210961,859.678131750311,857.763673769785,871.79690693306
737,857.883263626049,862.250713741955,861.819810889857,859.387304380685,870.468445283687
738,859.921109777307,862.59462931068,863.767083178328,862.207064407792,866.058587286188
739,865.756152059475,865.907162789933,865.697122089062,866.275297985705,862.015520982758
740,869.218490219293,868.740883331568,868.408356728634,871.415816548628,863.408720653468
741,867.701702585314,869.754280352501,871.911956745883,876.942474996674,871.302736644927
742,864.825363817183,871.284729965619,874.847427666181,881.286687852246,879.804776040065
743,864.157105975971,875.510790872982,875.886937249003,882.976892823152,883.146203381965
744,864.482912728714,880.844881556409,874.923228711937,881.881442052693,881.534352108472
745,862.548656279526,884.081779723684,872.391638139919,878.462392071675,877.780894461054
746,857.6731441176,883.810929944455,869.329229079708,873.659798373421,874.15410369539
747,853.229766208435,881.46355424923,867.71393816046,869.158012525106,872.049653499406
748,852.939561039418,878.72016520296,869.604486182253,866.702523359404,872.785451745418
749,859.634440022033,877.203501233172,876.364609194624,867.685007777983,877.146710303692
750,870.456234262176,878.181077210044,884.888412846772,871.247281095579,882.498383478801
751,880.33534210435,882.729011130644,890.352214492417,875.655553241031,884.914495333289
752,886.410716673115,889.301206596793,890.700653183523,879.697729490306,883.552494738202
753,889.016840236536,892.586442636768,887.865502315449,882.9129703734,881.993597030927
754,888.740544986778,888.247255692477,883.936949132667,884.842923003133,883.188643307409
755,886.176550931018,879.222484544028,880.141395384935,884.713018258046,884.53760329338
756,881.934372640466,870.967550422911,877.366259053332,881.672430742576,881.566321147889
757,877.086715740334,866.633977354262,875.309542170359,876.228808260339,873.709483722127
758,873.307319418435,866.390884463201,872.122634861052,870.654473077343,865.487093015894
759,871.872700482002,869.73982609248,866.689155377659,866.838998680185,860.88309654859
760,871.825957497185,873.750174073773,862.173373488918,864.125065260882,859.453886892181
761,871.521487274016,874.794805581742,862.93391481999,861.081972624925,859.364827472961
762,870.13609432719,872.052271875765,867.912955739784,857.554159912262,859.46043625092
763,867.822866254062,868.034690005713,869.617053280536,854.896807181524,859.389932547195
764,864.827563215565,864.979445638588,862.608239396653,854.16866711785,859.076283159606
765,861.561415362286,862.975763502441,852.684923118166,854.663337080922,859.490415046771
766,858.494474677766,861.510971449991,848.59950609881,855.214168445565,861.853005468657
767,856.409974982781,860.511723043057,852.241679856076,855.938635342203,865.983818281072
768,856.430076745422,860.379360047269,858.104548045023,858.343676648008,870.184887653851
769,859.218826802961,861.235887142962,861.625785048148,863.236470042748,873.171047687332
770,863.466480384871,861.945189744111,863.718431720672,868.223879287108,875.695320058609
771,867.41014722341,861.175378836005,866.624925183035,870.248905893666,878.989683911773
772,870.648303915552,860.523755930132,870.45322600851,870.106719650935,883.135184450416
773,874.124656519869,864.475309503612,873.203311154217,872.394096023488,887.075981281397
774,878.389791398934,875.440518566395,873.533804320214,880.191033789692,889.82739457955
775,882.309106411872,887.594557940855,872.902289487458,890.303344791331,890.855449452686
776,884.409866677667,893.457262036857,873.337400780366,898.19135415611,889.776122453554
777,884.307270866264,891.25125870499,875.310652731046,901.847044593892,887.044684869564
778,882.596119152968,884.352746288324,877.894439312375,901.552966750492,883.869297234638
779,879.85255335297,876.366086181896,880.058399615342,897.871704815181,881.391174255748
780,876.471288831381,871.034591435669,880.595234038601,892.015713886995,880.442105109535
781,872.892091111991,871.832823920633,878.431089898456,885.383298530116,881.704229478373
782,870.929348315707,877.453990023321,875.28431650282,880.222951570178,884.46148030848
783,873.521550304717,882.672932804967,875.153891830515,879.476067917272,886.851779108712
784,881.928667035823,884.324550662573,880.247733921904,884.599071724164,887.706700287611
785,892.219595376178,885.847676796046,887.160956079101,892.497306128679,888.060691634343
786,899.692540562316,891.555097106005,891.754189588392,899.34989651594,889.290361552422
787,902.822743494667,900.442964957533,894.604638272699,903.30004947899,891.736072526536
788,902.470137293393,907.529810468136,899.813799188336,903.964913689928,894.965329451283
789,899.919850813302,909.46289454806,909.125906257273,901.904578829429,898.666080988027
790,897.447767934934,907.628854815187,917.603048045526,900.144785582091,902.905500211173
791,897.360615626949,904.248431347694,919.762247239547,901.886099103951,907.787913229535
792,900.304105312652,901.915631915631,917.623911284155,907.36032509462,913.078704874862
793,905.798351643692,903.472524334389,918.298628794275,914.784766218273,918.313554931957
794,913.273699778663,910.560531748297,925.826266427126,922.687002501264,923.473445844831
795,921.988146565115,921.851308528665,936.452083845848,930.457308259471,929.649722003004
796,931.160214397421,935.450365676173,945.518495135217,937.57149042687,937.778034844105
797,939.880263456937,948.18360554793,951.532097059037,943.024874903234,945.210324493976
798,947.157975588459,956.083942879044,954.963078700681,945.51896468838,947.08988821699
799,952.035864530934,957.436135777309,956.012057504611,944.521683311622,941.930050393682
800,953.637676562513,955.594431472984,954.209334482787,941.218008277467,935.823106842082
801,951.367513283778,954.284057996459,949.249058030669,937.090814203296,935.218864567095
802,947.212746075987,954.175376171455,943.261010453895,934.263438478123,940.282718254066
803,944.59273300233,954.229428383072,939.720956188417,935.204836384407,947.663540328836
804,945.278706811798,953.882706822226,940.403566337645,940.710357067822,954.355102847453
805,947.695978010917,953.568262896945,943.636540650042,948.188366699162,958.129439459921
806,949.848927621678,953.770032943635,947.394336657936,954.749360008527,957.256401255868
807,949.577543360216,954.381586075455,950.166416651516,958.490942208245,953.484059304652
808,944.667924357934,954.996731570993,950.713864595755,958.032872176043,950.304784119293
809,935.536100867511,955.287923832506,948.724229708072,953.596449512537,948.904428953268
810,927.389493613186,955.075900518085,945.575945789323,948.31869625704,946.23291492965
811,925.214525036574,954.098669854958,942.73650425415,945.163816073956,939.600875252809
812,928.557407709646,951.339926549345,940.986413676128,943.451495126112,932.490639142698
813,934.467984826087,945.467293329756,940.780594728428,940.85266509696,931.153482313978
814,940.382569450173,937.29479609288,941.921662169163,937.130419661825,937.34244351222
815,944.400330796114,931.191577979205,943.130345964557,935.533422629769,945.318864992383
816,945.124722932352,931.132734927124,943.223114111051,938.843075865064,949.411569470806
817,944.186569922731,936.206567180762,942.367955899958,944.427118404296,949.331700166842
818,944.440076345844,943.46342216662,941.292496835701,947.432145639352,947.042014353031
819,946.461458683124,949.883897154443,940.455577306692,945.617162602311,944.231213332472
820,947.378030206321,952.353284681553,939.907425626136,940.712698234858,942.159619291305
821,944.709559889182,948.623531094253,939.77244643349,934.922693960842,941.876294935219
822,940.123509811289,941.785268243128,940.835479717816,931.324346995193,943.366755531606
823,936.814537453367,936.875000458672,944.096736903901,933.256696442827,946.199997082556
824,936.510797961592,936.374405152904,949.029220928716,941.205451472493,949.232289737354
825,938.927769425905,939.264590789942,952.999897200271,951.725570779657,950.338689950803
826,943.43563726094,944.190433181084,953.788585002685,961.243087431674,948.048339610359
827,948.301697818755,949.328156759845,952.294811909193,967.093918529471,944.861190464018
828,951.453340633234,952.717446618732,950.459351059737,966.998779292333,944.547396310473
829,952.211376656424,953.340278228067,949.451963906882,961.313454066661,948.125875458448
830,951.646439710627,951.363556761778,949.476847231952,953.688025626566,953.171185819511
831,950.930365897182,947.416216077842,950.568173605526,947.501650041453,957.509492252679
832,951.186546233327,944.018220833766,952.223400587475,943.824179488989,961.286667455791
833,953.480834724226,944.191478146071,953.806995811007,943.004286438036,965.331574682486
834,957.61617363021,948.795139261277,955.622114638951,944.92814539769,969.577628889775
835,961.951900868623,956.222573706984,959.044336300843,948.953866347399,972.93374166786
836,965.054428168432,964.623037726282,964.667166137788,954.225751209622,974.543482614765
837,966.762215056036,971.661709205622,969.361408163356,959.065802617823,974.839026949524
838,967.28328503153,974.954546984581,969.126475646721,961.637629292586,974.583092182083
839,967.26037604464,974.327680830957,963.961121591119,961.868944757751,973.905638435354
840,967.787918429648,971.910879617724,958.022438878981,961.525098206106,972.278531271368
841,969.481879043929,969.311684347519,954.675751330307,962.022105227333,969.252611564513
842,970.975780717179,965.640977426274,953.413520649164,963.050320658716,964.811595167822
843,970.486922840882,959.489479027884,952.80486555731,963.839381286242,959.097297485991
844,967.823526337398,951.458304265556,952.120834455031,962.933038237929,953.305870985262
845,964.301814089435,944.046097848434,951.297086601392,958.226976610415,949.628903205116
846,960.768977272703,939.30139754006,950.154350607167,949.116399183693,949.290566936628
847,956.193074109012,937.430606461961,948.009798855709,940.4069769962,949.937368813575
848,949.259175022398,938.182334739086,944.182393717378,937.727157640723,948.570736944311
849,941.025882823924,940.401592171462,940.014263307021,940.227539740472,944.903275958227
850,934.592004902706,942.150734483183,938.590394905716,941.471359557126,940.988299996875
851,932.211696264769,942.300781278818,941.673888295866,937.482473203379,938.495187871027
852,933.243738595385,942.404863308745,946.607838137414,932.778024313088,937.624604816249
853,936.505446367011,944.455574678446,950.039037668784,933.204364386347,938.308175699076
854,941.342051716674,948.935998476847,951.597924372742,939.020432797516,940.850555551619
855,947.513278714957,955.140152004906,953.267987579133,946.089630223592,945.850096010205
856,954.265781449148,961.713720890345,956.326290595168,951.273472576334,952.951926286816
857,959.325857882679,965.516543419784,959.818916297786,954.68691763057,959.009363182804
858,960.36348982038,963.445560234436,962.464661904308,956.987870563457,960.69535548368
859,958.025599586787,957.259746548228,963.995332943835,958.232710949924,959.118977871107
860,955.092453853383,952.19067425141,964.86933143607,958.047143891365,958.567549382213
861,953.602968258491,951.389944503653,965.108802677781,956.574170791132,961.372459622384
862,953.547208049496,952.415472197018,963.555172155199,955.329919702295,964.583543534363
863,954.561583771294,952.16807561062,959.08460598151,955.83167666542,964.687308836181
864,955.993170060364,950.399991692627,953.205291998096,957.014616879349,961.599662948602
865,957.000163681458,948.721250763943,949.12767186469,956.134516341582,957.471164503578
866,956.813722369929,948.189306541069,948.032054656295,951.882854280851,953.461056987729
867,954.845479485709,948.486167684352,946.257370201147,946.402290699208,948.306846123547
868,950.59927457936,949.009140652732,940.026234523492,942.104019299305,940.646692000643
869,944.252111674389,948.251764643247,931.55000828117,939.077052975633,931.669337631527
870,936.381021673574,944.183182856663,926.554547889528,936.041186008667,924.058937679691
871,927.860299400328,936.51635729871,927.404298108957,932.421756168773,919.215184705184
872,920.186609763127,928.688114264357,929.22038497488,929.184282889739,915.774293284301
873,914.844030314722,924.234057301701,926.893072975896,927.318932112565,912.341157140574
874,912.51410599355,923.314959237622,921.752337808763,926.238225747223,910.46114600967
875,913.441962270926,924.286135564326,918.568328775687,924.513258962327,913.239030144161
876,916.973442634484,926.08778166361,919.489512251264,921.538540546041,921.133034036596
877,920.715516777675,928.822215393066,921.541875486713,918.315413245316,929.436334915565
878,922.40171054314,932.421493232079,921.482665248525,915.915375657813,933.355299173483
879,922.449207961087,934.334025728655,918.662693376782,914.495710582839,932.339976677977
880,922.577575521405,930.835369119782,913.711074578481,913.773459181444,927.927123152343
881,923.635126283494,921.7307362622,908.062093477445,913.944349248132,921.97436231633
882,924.924166206129,913.018838229908,904.544675518959,916.050119596895,916.870543091078
883,925.659172107634,910.386211020277,905.686058231337,920.856352561525,914.796530298186
884,925.557764443382,912.85139982336,910.822122391357,926.480538969588,916.069686597761
885,924.566381656168,916.513503988296,917.882246284596,929.895706925448,920.170090732678
886,923.013067376974,918.889139639118,925.090160240077,930.218710086371,925.505751549551
887,921.832770758997,919.781058906727,931.150409207401,930.004797846961,928.77167087254
888,921.852670458805,919.326225334287,934.905104058438,931.581429831429,927.228827799441
889,922.850055090417,918.499568100388,935.827802503956,933.790657820097,922.842929683762
890,924.171243802387,918.58289507807,933.652169272462,934.095505205733,919.405952109462
891,924.60116602499,919.453328645005,928.353227676062,930.814222335635,918.052443731606
892,922.111661266708,918.947140355851,920.253439563751,923.516135943089,916.060519020524
893,915.510499090783,915.522555950267,910.232606770361,912.611886879268,911.287129677609
894,908.823240705864,912.190064398249,902.246526164453,902.801879329952,906.707758993886
895,907.837634242489,913.500040734577,901.245363579682,900.207757001563,907.04591764524
896,914.001046929304,920.012530325082,908.03969445705,906.70900739674,913.288481517807
897,923.028260321172,927.005809585914,917.970118593484,918.593253473216,921.480706577333
898,930.904322745339,930.363339096689,926.772652767707,932.091145914866,927.931810127686
899,937.130331783437,931.088037762437,934.269630567891,945.154637558761,932.15090693598
900,942.348329115905,931.826880142122,941.5971193464,956.291743828249,934.703806668917
901,946.894650666785,934.288171785425,949.094891443884,964.004645412075,936.48148476759
902,950.734938205733,939.049084940549,956.138306346259,966.794440651523,938.764751693014
903,953.735722588373,946.283360367524,961.997147289918,963.750469586806,942.442742266568
904,955.401235241029,954.574501294864,965.72238541359,956.706826923825,946.451922121224
905,955.129755167093,962.034148344157,966.30121491782,948.299103105594,949.153914240943
906,952.391741681259,966.798723379587,962.817028117648,941.132180870714,949.00707706277
907,948.593936402647,967.841770405257,956.903551728686,937.226799374918,947.1485837583
908,947.262622040305,965.061518456574,952.982463094758,937.971247069878,947.653035790119
909,950.830066069482,959.2012824864,954.278881059323,943.9183124493,953.460323044837
910,956.666741197273,954.349125028469,958.405556277911,952.208918915443,962.089435713983
911,960.92620663657,955.217400683496,961.612851558964,959.173024397063,969.695631384355
912,962.60485509299,960.819882171743,962.887949176712,963.397316187686,974.15961898375
913,963.550420351224,964.465491076106,963.960527300023,965.736720081479,975.099063943329
914,965.417583109484,961.64926722878,966.187138531579,967.148350188193,972.778414274715
915,968.654400104943,957.134792177841,969.053510927549,968.594068613692,969.61588413244
916,973.398468559541,957.584556303343,971.654061691425,971.018675179992,968.447557513304
917,979.299002472818,963.999592820275,974.121354718324,975.008795117494,970.371570867712
918,985.558258523606,972.223180415649,977.535804014702,980.824873397413,974.905391210985
919,991.267443137106,978.697260325083,982.7929743657,988.150734963954,981.36071603189
920,995.198905008058,982.579360795071,990.035943262434,994.735456105914,988.537540680873
921,996.180997252137,983.709583744594,999.095325799396,998.062905284615,995.15381121798
922,995.140986075394,983.630089068684,1007.22075314673,998.195869986437,1000.43301378962
923,994.749010165223,985.295458741042,1009.50826804895,997.344069569058,1004.02099932621
924,996.86058616959,990.467357961922,1004.01215298375,997.439025395391,1006.20329625213
925,1000.67041504705,997.107588820832,998.074564308771,999.358160193758,1009.1914803484
926,1004.93704792592,1002.62327669096,1000.225762577,1003.7123184519,1015.33179054887
927,1009.4913427257,1007.01679116914,1010.70254510546,1010.14911820071,1023.51904214842
928,1014.97704600564,1012.26011105019,1023.46640631141,1017.58513294281,1030.02762728844
929,1021.73625370762,1019.68252104639,1033.7852889091,1025.04868884678,1033.01484454689
930,1029.21562305812,1028.68841751809,1041.03283657757,1031.9327209852,1036.06095323285
931,1036.65603387546,1038.27856315575,1045.27640006318,1037.76486160793,1043.16068052312
932,1042.65663093143,1046.5495511346,1046.37778136574,1043.00520819939,1051.65529866266
933,1045.37519104641,1050.97472148795,1044.06115941487,1048.75504352014,1054.29143832636
934,1043.87468630579,1050.52662821349,1039.13910523285,1054.72111797846,1047.70108216377
935,1039.50594170186,1047.96593769383,1035.14106665126,1057.08152430475,1038.47679701529
936,1034.07621422623,1046.36436777824,1035.65549949688,1052.08316498568,1034.14038923685
937,1030.56414117939,1045.77662588316,1040.34481876789,1042.81447588097,1035.75801092788
938,1032.66744265519,1044.37582298265,1046.41487038629,1036.61522090947,1040.37066391614
939,1041.2347067556,1041.90798344343,1051.6824956824,1037.63043823814,1045.73794584469
940,1050.6296850147,1041.73722352436,1055.43886061304,1042.68706186549,1051.3802188955
941,1054.88151912219,1047.07218084046,1057.19759363511,1047.76930117414,1056.93516877766
942,1053.71364267209,1054.68597220517,1056.66615093515,1050.44591350085,1060.81165726409
943,1050.1004808929,1057.69591269895,1053.66762828989,1049.20121937609,1060.7277721096
944,1046.33338560699,1052.97007538133,1048.59820756596,1044.01566547822,1055.93902629135
945,1043.22642579027,1045.16647678243,1043.02006568862,1037.90349813895,1048.86233863184
946,1041.36619781714,1039.42607492964,1038.48658331734,1033.9274753482,1042.16648163009
947,1040.93990342969,1036.87403687296,1035.26149517837,1032.39833389597,1037.38821434881
948,1041.91994619428,1036.55875337997,1032.94405198121,1032.20793733641,1035.46853138251
949,1043.34357768741,1036.56031147685,1031.14628761541,1032.15661807822,1036.10498080846
950,1042.51253907371,1033.18839969634,1029.51305925186,1030.89425210801,1036.6941110604
951,1037.16133253627,1023.56977423319,1027.7738234358,1027.43938608218,1034.76863196806
952,1029.84044710222,1012.6185105687,1026.28571606003,1023.79565060986,1030.86474485358
953,1025.32114856412,1008.80868754972,1025.71272324818,1023.34578267725,1026.9325007659
954,1026.62674383015,1016.52893310737,1027.72948733695,1028.36239177637,1025.56505610981
955,1033.83429653576,1033.28999403043,1035.71788194759,1039.24178648672,1030.43354135375
956,1046.45053322741,1055.56755975794,1052.12813772467,1055.61138934735,1044.22843195692
957,1061.91393854575,1077.14820378301,1071.66565176183,1072.92439875756,1062.00450674341
958,1076.7795107631,1090.71528434171,1085.77871576743,1084.89323260542,1075.60911213158
959,1088.29466764032,1094.24645268916,1091.07160623583,1089.26702770491,1081.65655794374
960,1094.79817581853,1093.92167326849,1092.16468331741,1090.05287388021,1084.17002888107
961,1095.29649644293,1095.50634594812,1093.67081643665,1091.3036099274,1087.20417023238
962,1092.35441135352,1097.80395949361,1095.84911152288,1094.00237192715,1091.02579443446
963,1089.86216307461,1097.02824267403,1097.30440156723,1097.93557642432,1094.45923786955
964,1090.02675701294,1093.11119680665,1097.39065595964,1101.98407626525,1096.88319814557
965,1092.70889644765,1091.17697107031,1096.51324904389,1103.76572092562,1098.4561984012
966,1097.13072168206,1095.3009083688,1095.09374819351,1101.29497660151,1099.32332104252
967,1099.91614886776,1101.60487650677,1093.20850371093,1095.32089572508,1099.2302499929
968,1096.92655855379,1103.58710024492,1090.84097577496,1087.56413746463,1097.80500529313
969,1089.15145127397,1099.86634066123,1088.95384240234,1080.71853643933,1095.42306527804
970,1084.07964407552,1095.5808513143,1089.75334562634,1078.71016212326,1093.40851707062
971,1087.64028197914,1095.20751354226,1094.72854850384,1084.44480171857,1093.06839104784
972,1095.96790910353,1097.85819329458,1101.37747882619,1095.34258680044,1095.32663636715
973,1102.30029528692,1101.0325542577,1106.04222126776,1107.15605900123,1100.93669423606
974,1104.90107045288,1103.97940073569,1107.96917857307,1117.17658420016,1109.02207331397
975,1107.87665327681,1107.97600498466,1109.77778246788,1124.49121238284,1116.81032914836
976,1114.59695442915,1113.87402071782,1113.54097133062,1128.63980684828,1121.99511923461
977,1123.63841382842,1120.09570046349,1118.0240885054,1130.74767257505,1124.87485734257
978,1132.23682142696,1124.42896043774,1121.11163094142,1132.30083299722,1126.44251055444
979,1137.91284123591,1125.98063365416,1121.95421094563,1132.59232567692,1126.68268581107
980,1138.49460778271,1125.25468382987,1121.04208037954,1128.60112537613,1124.51507601063
981,1132.8491743973,1122.83164786195,1119.03725054639,1118.5624096992,1119.44809719458
982,1123.95555889789,1119.32485055188,1117.03246546878,1106.18907055092,1113.56018991144
983,1115.7160333912,1115.3493699132,1116.18444216441,1096.40443466709,1109.48769112973
984,1109.83280629894,1111.39656267208,1116.71973054586,1090.97516287243,1108.07556114208
985,1105.90385851276,1107.83888969735,1117.97109676866,1088.65472314691,1108.45184181748
986,1103.44475096475,1105.04322027585,1119.23537150173,1088.08137873563,1109.67693174292
987,1102.0485985589,1103.27860640811,1119.967693857,1088.16135744328,1111.00117207814
988,1101.55889187267,1102.49367635314,1120.14483370599,1088.67448257972,1112.29898858741
989,1101.87083997077,1102.57161250498,1119.85088248348,1089.58013711158,1113.57311087225
990,1102.87994849172,1103.39595386722,1119.16997228262,1090.83776705469,1114.82626917225
991,1104.48192213166,1104.85047935083,1118.18623094597,1092.40686267903,1116.06119428914
992,1106.57258088323,1106.81910816935,1116.9837459813,1094.24694177816,1117.28061752023
993,1109.04778988615,1109.18581714428,1115.64653731073,1096.31753498977,1118.4872706011
994,1111.80340280247,1111.83457480694,1114.25853884338,1098.57817315791,1119.68388565753
995,1114.73521867546,1114.64929224381,1112.90358884818,1100.9883767317,1120.87319516676
996,1117.73895226732,1117.51379067841,1111.66542909534,1103.50764719832,1122.057931928
997,1120.71021789719,1120.31178581619,1110.62771273195,1106.09546055095,1123.24082904226
998,1123.5445268179,1122.92688899796,1109.87402085933,1108.71126279448,1124.42461990144
999,1126.14531920336,1125.25201107252,1109.47957337714,1111.31646092708,1125.61106954246
1000,1128.48547757747,1127.26134388504,1109.44755484353,1113.88970495568,1126.79355075806
1001,1130.57354731719,1128.97082254404,1109.74425414729,1116.41849072028,1127.96113063548
1002,1132.41839358987,1130.39676297898,1110.33571358393,1118.89037725433,1129.10284015702
1003,1134.02890808509,1131.555516032,1111.18801694963,1121.29291535902,1130.2077095707
1004,1135.4140063729,1132.46346185408,1112.26727781018,1123.61364857731,1131.26476881839
1005,1136.58262535332,1133.13700462432,1113.53962921144,1125.84011436195,1132.26304811374
1006,1137.54372079862,1133.59256759611,1114.97121482408,1127.9598454378,1133.19157867
1007,1138.30626499001,1133.84658847318,1116.52818151823,1129.96037135861,1134.03939357749
1008,1138.87924445001,1133.91551511832,1118.176673365,1131.8292202582,1134.79552883064
1009,1139.2716577717,1133.81580159653,1119.8828270639,1133.55392079598,1135.44902450446
1010,1139.49251354594,1133.56390455445,1121.61276879607,1135.12200429647,1135.98892608
1011,1139.55082838747,1133.17627993716,1123.33261250438,1136.52100708231,1136.40428591849
1012,1139.45562506079,1132.66938004295,1125.00845960192,1137.73847300021,1136.68416488364
1013,1139.21593070631,1132.05965091671,1126.60640011072,1138.76195613884,1136.8176341115
1014,1138.8407751676,1131.36353008188,1128.09251523227,1139.57902373759,1136.79377692708
1015,1138.33918941996,1130.59744461069,1129.43288135124,1140.17725928489,1136.60169090689
1016,1137.72020410086,1129.77780953252,1130.59357547277,1140.54426580444,1136.23049008635
1017,1136.99284814242,1128.92102657938,1131.54068209269,1140.6676693275,1135.6693073108
1018,1136.16614750613,1128.04348326808,1132.24030149871,1140.53512254896,1134.90729672891
1019,1135.24912401988,1127.16155231782,1132.65855949844,1140.13430866495,1133.93363642673
1020,1134.25079431743,1126.29159140247,1132.76161856847,1139.4529453889,1132.73753120077
1021,1133.18032674114,1125.44927145673,1132.51919466871,1138.48108716044,1131.31038855907
1022,1132.04862897628,1124.64281683798,1131.93983652147,1137.23425294188,1129.66768653783
1023,1130.86768490203,1123.87582308465,1131.05623949573,1135.74378238163,1127.83984900951
1024,1129.64948301067,1123.15181352435,1129.90146924089,1134.04123917282,1125.85749706822
1025,1128.40599939221,1122.47430915278,1128.50858632654,1132.15816370881,1123.7512171203
1026,1127.149197277,1121.84682883145,1126.91063578556,1130.12606541019,1121.55155562394
1027,1125.89102675725,1121.27288950059,1125.14063802701,1127.97641630044,1119.28901500144
1028,1124.64342468693,1120.75600640722,1123.23158111853,1125.74064582714,1116.99405071908
1029,1123.41831475923,1120.2996933485,1121.2164144362,1123.45013692413,1114.69706952894
1030,1122.22760776087,1119.90746293016,1119.12804367784,1121.13622330895,1112.42842886636
1031,1121.08320200282,1119.58282684018,1116.99932723494,1118.83018800955,1110.21843739677
1032,1119.99698392647,1119.32929613762,1114.86307391696,1116.56326311321,1108.09735670517
1033,1118.9808288849,1119.15038155664,1112.75204202131,1114.36663073109,1106.09540412228
1034,1118.04660209861,1119.04959382577,1110.69893974196,1112.27142517144,1104.24275668157
1035,1117.20615978525,1119.03044400242,1108.73642690951,1110.30873631497,1102.56955620213
1036,1116.47135046296,1119.09644382263,1106.89711805582,1108.50961418674,1101.10591549341
1037,1115.85401642708,1119.25110606624,1105.2135867969,1106.90507471932,1099.88192567893
1038,1115.36599540007,1119.4979449373,1103.71837152855,1105.52610670367,1098.92766463753
1039,1115.01912235447,1119.84047646007,1102.44398243044,1104.40367992498,1098.27320656244
1040,1114.82523150927,1120.28221889043,1101.42290977579,1103.56875448281,1097.94863264017
1041,1114.79615849967,1120.82669314295,1100.68763354541,1103.05229129651,1097.9840428536
1042,1114.94374272084,1121.47742323359,1100.2706343471,1102.8852637991,1098.40956891562
1043,1115.27982984628,1122.23793673822,1100.20440564345,1103.09867082516,1099.2553883428
1044,1115.81627452156,1123.11176526709,1100.52146729409,1103.72355070095,1100.55173968077
1045,1116.56494323448,1124.10244495522,1101.2543804209,1104.7909965479,1102.32893889674
1046,1117.53507536435,1125.2125867815,1102.42920025036,1106.32544890133,1104.60988852086
1047,1118.71966285548,1126.43908050856,1104.0316458756,1108.31003444938,1107.37136374723
1048,1120.10552953469,1127.77664307993,1106.03213491432,1110.71220468295,1110.57262335866
1049,1121.6795003235,1129.21999100805,1108.40110221186,1113.49942595661,1114.17292353559
1050,1123.42841004213,1130.76384388498,1111.10901553328,1116.63919375525,1118.13153064121
1051,1125.33910043367,1132.4029237042,1114.12636254965,1120.09901775329,1122.4077019749
1052,1127.39841740493,1134.13195421734,1117.42363891305,1123.84640818805,1126.96066857547
1053,1129.59320848313,1135.94566032557,1120.97133741358,1127.84886354037,1131.74962006962
1054,1131.91032048764,1137.83876750587,1124.73993821375,1132.07385951803,1136.73369156574
1055,1134.33659741634,1139.80600127166,1128.69990015787,1136.48883934084,1141.87195259691
1056,1136.85887854631,1141.84208666817,1132.82165315586,1141.06120532784,1147.12339812082
1057,1139.46399674893,1143.94174780211,1137.07559164275,1145.75831178986,1152.44694158681
1058,1142.13877701919,1146.09970740588,1141.43206911629,1150.54745923186,1157.8014100827
1059,1144.8700352198,1148.31068643623,1145.86139375669,1155.39588987125,1163.14554157582
1060,1147.64457704012,1150.56940370731,1150.33382513328,1160.27078447951,1168.43798426372
1061,1150.44919717064,1152.87057555822,1154.81957200373,1165.13926055535,1173.63729805048
1062,1153.2706786934,1155.20891555503,1159.28879121215,1169.96837183802,1178.70195816469
1063,1156.09579268905,1157.57913422733,1163.71158769264,1174.72510917004,1183.59036093406
1064,1158.91129806119,1159.97593883941,1168.05801558492,1179.37640271826,1188.2608317309
1065,1161.70394157868,1162.39403319603,1172.29808046888,1183.88912556193,1192.67163510009
1066,1164.46045813659,1164.82811748296,1176.40174272409,1188.23009865586,1196.78098707889
1067,1167.16757123655,1167.27288814228,1180.33892202011,1192.36609717583,1200.54706971489
1068,1169.81199368712,1169.72303778258,1184.07950294249,1196.26385825179,1203.92804778384
1069,1172.38042852468,1172.17325512411,1187.59334175824,1199.89009009318,1206.88208770531
1070,1174.85957023845,1174.61822494464,1190.85027460645,1203.21148285062,1209.36737919481
1071,1177.23816038656,1177.05177685652,1193.82714279653,1206.2031987699,1211.35570065239
1072,1179.51232526005,1179.46467408101,1196.52603095327,1208.87091136331,1212.86761101538
1073,1181.67985331177,1181.84698515336,1198.95472710403,1211.22719313256,1213.93470710953
1074,1183.73853588267,1184.18877192227,1201.12105279778,1213.2846625483,1214.58866478374
1075,1185.6861674975,1186.48008998679,1203.03286051523,1215.05597926144,1214.86122199681
1076,1187.52054616629,1188.71098925669,1204.69803114442,1216.55383949658,1214.78416312397
1077,1189.23947369144,1190.87151463651,1206.12447152372,1217.79097163137,1214.38930449852
1078,1190.84075598038,1192.95170683366,1207.32011205388,1218.78013196534,1213.70848120112
1079,1192.32220336369,1194.9416032904,1208.29290438078,1219.53410068129,1212.77353510592
1080,1193.68163091867,1196.8312392401,1209.05081915043,1220.06567800213,1211.61630419022
1081,1194.91685879809,1198.61064888752,1209.60184383743,1220.38768054556,1210.26861311145
1082,1196.02571256427,1200.26986671315,1209.95398064831,1220.51293787861,1208.76226505336
1083,1197.00602352811,1201.7989289014,1210.11524450075,1220.45428927403,1207.12903484121
1084,1197.85562909323,1203.18787489252,1210.0936610797,1220.22458066978,1205.40066332415
1085,1198.57237310488,1204.4267490576,1209.89726497145,1219.83666183306,1203.60885302136
1086,1199.15410620369,1205.5056024965,1209.53409787625,1219.30338372973,1201.78526502794
1087,1199.59868618394,1206.4144949579,1209.01220690027,1218.63759609976,1199.96151717502
1088,1199.90397835645,1207.14349688081,1208.3396429276,1217.85214523936,1198.16918343866
1089,1200.06785591574,1207.68269155671,1207.52445907255,1216.95987198991,1196.4397945915
1090,1200.08820031148,1208.02217741124,1206.57470921296,1215.97360993387,1194.80484009113
1091,1199.96290162398,1208.15207040441,1205.49844660461,1214.90618379754,1193.29577119971
1092,1199.68985894366,1208.06250654787,1204.30372257714,1213.77040806038,1191.94400532949
1093,1199.26698075427,1207.74364453784,1202.99858531158,1212.57908577071,1190.7809316102
1094,1198.69218531977,1207.18566850203,1201.5910786996,1211.34500756698,1189.83791767497
1095,1197.96343352195,1206.37885972014,1200.08925761067,1210.08094792084,1189.14622851268
1096,1197.08455092271,1205.32595438184,1198.50411586105,1208.79912928784,1188.7210394563
1097,1196.07195652764,1204.05642304926,1196.8529690217,1207.51060320007,1188.54294805599
1098,1194.94369278254,1202.60318666716,1195.15393318709,1206.22625873103,1188.58810062199
1099,1193.7177888751,1200.99914078004,1193.42510151916,1204.9569727365,1188.83267444911
1100,1192.41225835336,1199.27714871241,1191.68454339215,1203.71360999325,1189.25287154568
1101,1191.04509715139,1197.47003610432,1189.9503039457,1202.50702348458,1189.82491307572
1102,1189.63428202133,1195.61058679848,1188.24040404449,1201.34805483207,1190.52503451077
1103,1188.19776937027,1193.73154007364,1186.57284064223,1200.24753487298,1191.3294814884
1104,1186.7534945007,1191.86558921842,1184.96558754842,1199.2162843829,1192.21450637558
1105,1185.31937125286,1190.04538143927,1183.4365965959,1198.2651149431,1193.15636553536
1106,1183.91329204735,1188.30351909594,1182.00379920755,1197.40482995228,1194.13131729596
1107,1182.55312832632,1186.67256225812,1180.68510836063,1196.64622578239,1195.11562062186
1108,1181.25673139163,1185.1850325774,1179.49842094752,1196.00009307825,1196.08553448658
1109,1180.04193363843,1183.87341846913,1178.46162053174,1195.47721820097,1197.01731794714
1110,1178.92655018269,1182.7701816002,1177.59258049868,1195.08838481493,1197.88723092012
1111,1177.9283808815,1181.90776467979,1176.9091676006,1194.84437561855,1198.67153565933
1112,1177.06521274506,1181.31860055189,1176.42924589604,1194.7559742191,1199.34649893468
1113,1176.35482273965,1181.03512259018,1176.17068108426,1194.83396715169,1199.88839491184
1114,1175.81498098119,1181.08977639827,1176.15134523561,1195.08914604313,1200.27350873149
1115,1175.46345431929,1181.51503282058,1176.38912191964,1195.53230992124,1200.47814078689
1116,1175.31801031216,1182.34340227201,1176.9019117331,1196.17426767034,1200.47861169728
1117,1175.39642159331,1183.60745039774,1177.70763823071,1197.02584063404,1200.25126797451
1118,1175.71647063128,1185.33981507771,1178.82425426249,1198.09786536649,1199.77248837874
1119,1176.29595488438,1187.57322479434,1180.26974872182,1199.40119653332,1199.01869095874
1120,1177.15276235315,1190.33879068283,1182.06189238505,1200.94591186526,1197.96827156976
1121,1178.30768464527,1193.5967234096,1184.20776452097,1202.70930757751,1196.67901329295
1122,1179.78537738097,1197.21269327776,1186.70019134414,1204.62501224395,1195.31424272616
1123,1181.61080496164,1201.04569591584,1189.53104729201,1206.62360668163,1194.04442249193
1124,1183.80898547271,1204.95455346996,1192.69224267375,1208.63564079446,1193.03982796141
1125,1186.40500190743,1208.79788870355,1196.17572029815,1210.5916293991,1192.47058554297
1126,1189.42401420512,1212.43412391698,1199.9734521942,1212.42205405759,1192.50674696197
1127,1192.89127211792,1215.72150480729,1204.07743642216,1214.05737092639,1193.31839948772
1128,1196.83212892194,1218.51814937769,1208.47969397257,1215.42802462971,1195.07581217255
1129,1201.27205599143,1220.68212197003,1213.17226575121,1216.46446815945,1197.94961832057
1130,1206.23665825686,1222.07153243333,1218.14720964814,1217.09718879573,1202.11103459861
1131,1211.75169057096,1222.54466035511,1223.3965976888,1217.25674003149,1207.73211744237
1132,1217.79266588901,1222.03099486987,1228.86161168954,1216.96426690993,1214.87296569997
1133,1223.72731118708,1221.31444055617,1233.86962521821,1217.33120957183,1222.23074460697
1134,1228.51924457656,1221.74010535415,1237.34024134813,1220.18638830648,1227.59735456448
1135,1231.17724405391,1223.49993093073,1238.21715498239,1225.96692645189,1229.4729747356
1136,1230.83996652155,1223.99835051155,1235.52294916871,1231.73692685505,1228.10554355655
1137,1226.70300884019,1220.28764846275,1228.34128715171,1234.11364271458,1224.01311557806
1138,1219.44249201936,1211.78967897775,1217.64011711611,1232.03901844766,1218.1590891014
1139,1211.72706029545,1201.12148272729,1206.91813793648,1227.60415748081,1212.10458479625
1140,1206.35629530239,1191.11471945965,1199.8346983668,1223.1211857511,1207.44816497559
1141,1206.03955595865,1184.54263685742,1199.92716080373,1220.84870065667,1205.744973932
1142,1210.62517069812,1182.66066826838,1206.9146867477,1221.38346478451,1207.18577143826
1143,1216.43715389819,1184.86848640706,1215.80952317863,1223.28023591758,1210.28327362991
1144,1219.89277496015,1190.4012790257,1221.73882492162,1225.0424293095,1213.54908453756
1145,1220.37350074006,1197.96888261771,1223.74888499201,1225.86557460911,1216.45185806216
1146,1218.88655082647,1205.9899682958,1223.03923222343,1225.32421924695,1218.98416364315
1147,1216.45650457508,1212.87526365173,1220.83403121086,1222.99766146242,1221.14395929913
1148,1214.10559574334,1217.03971339467,1218.35233875537,1218.47724973985,1222.92811898705
1149,1212.6883029604,1217.97883697658,1216.22378128155,1212.66235722068,1224.19012621105
1150,1212.7316929753,1217.31615119725,1213.92239836431,1209.01446182245,1224.5015923054
1151,1214.57569679625,1216.8129164972,1211.04696512113,1210.70779722576,1223.56649937622
1152,1217.31681734181,1217.30920037315,1209.34742808114,1216.09524496018,1222.46149097876
1153,1219.44459011743,1219.18959126409,1211.61224243765,1221.15941079717,1222.92835600327
1154,1220.43713515959,1222.94337812934,1218.20120564463,1224.06182431326,1225.37705814958
1155,1221.54549616795,1229.25302546571,1225.1214341011,1226.89310773958,1227.83371776858
1156,1223.81196036111,1238.22462562822,1228.45613397279,1231.66342694326,1228.4163508951
1157,1225.36913725483,1245.51215568657,1228.26439530186,1236.75359522421,1227.76120274814
1158,1223.07837041845,1244.82739029508,1226.37737331874,1238.92892860804,1227.60155048238
1159,1216.30758947222,1234.78099453924,1223.25413473346,1236.3864662889,1227.31145093225
1160,1208.48755687545,1221.92667452211,1217.11827243808,1229.66346808651,1222.43648135611
1161,1202.86498898041,1212.46887557294,1206.66118349852,1219.64416505006,1209.528602719
1162,1199.08866322229,1205.70617060992,1194.97152601912,1208.06826144309,1194.01926939289
1163,1195.3715777459,1198.20605839462,1186.8475786634,1197.0065986518,1184.77936926566
1164,1190.99635454935,1189.50231911715,1184.18846549337,1188.13202751223,1184.52945511447
1165,1186.82277692477,1183.48895214215,1184.64459179973,1182.5404201956,1186.97935377046
1166,1183.76713163501,1183.41249823591,1185.78125331405,1180.96565086726,1186.39364880026
1167,1182.34242197651,1186.6767938648,1186.64513157784,1182.27174742696,1184.58449087637
1168,1182.87822882159,1188.59183429691,1186.8160161795,1184.627668183,1186.0123714954
1169,1184.19514391328,1186.58332965345,1185.42711851205,1185.76320289378,1190.07292685669
1170,1183.08850352459,1180.92623125602,1181.0129799554,1182.82080957393,1189.35756818901
1171,1177.13849131395,1172.46638863083,1172.82567709582,1174.04305036479,1178.2328189556
1172,1168.83756522378,1164.00173491998,1164.12585393116,1163.69973738762,1163.00673111428
1173,1162.27528359516,1158.94923162129,1159.43227013177,1157.96748205809,1153.74275110562
1174,1160.9636331098,1160.20624347538,1161.47386188615,1160.86823068816,1155.6086147185
1175,1167.72712277863,1170.05464160564,1170.81407968333,1173.82838470105,1167.86354523189
1176,1271.78506430636,1268.38419565838,1265.70842692767,1269.17782044719,1264.96970335236
1177,1289.37714058902,1288.65690503956,1282.64978227285,1291.9568813844,1285.47418477936
1178,1298.57796407659,1299.70929149591,1293.03952100631,1302.9537178027,1296.18147296902
1179,1297.81162274244,1299.32449814967,1295.06671731326,1300.63025199511,1295.55330697264
1180,1294.90010641495,1294.43947790029,1293.13362897575,1295.0611920212,1291.27320953507
1181,1295.99379394442,1291.17201837754,1291.24486805716,1294.47360454458,1289.77062911669
1182,1297.96714376541,1290.06047323064,1290.27552760139,1296.59371572071,1290.02450828538
1183,1295.41560507324,1290.13762440238,1290.22887886125,1296.48505310154,1289.13916192997
1184,1287.85417470216,1290.13230085993,1290.3311304922,1292.73788676545,1287.04745773055
1185,1279.78216353251,1288.46431887256,1289.02004023596,1287.52217337363,1286.55026940278
1186,1275.00541880437,1284.41601436352,1285.44683217029,1282.93819703668,1289.27393923401
1187,1273.85519155783,1280.64148427062,1281.64407759134,1280.21430550632,1291.82539013302
1188,1275.83927916337,1280.45704682187,1280.26354698618,1280.31287537818,1289.90096366813
1189,1280.63388219812,1284.2770373842,1282.53867666782,1283.07981271805,1285.25576971787
1190,1288.07013551325,1289.83420555868,1288.39610433862,1287.32839151733,1285.23920946672
1191,1297.63983350597,1295.36903158978,1297.25996634787,1292.27746593319,1294.51901177557
1192,1307.62828695052,1301.24076606216,1306.96584022368,1298.68994561231,1307.74084532421
1193,1316.06060679186,1308.15038950612,1315.03947613655,1307.45507661917,1317.58625640131
1194,1321.10323701988,1314.73899603831,1319.74382608552,1315.81696392639,1320.79145767676
1195,1321.04744063801,1317.90532610272,1319.9704554135,1317.93333185101,1317.54254514954
1196,1315.39907109875,1316.00134258918,1315.4116884172,1310.90675753886,1309.23597448236
1197,1307.4255086237,1312.09528245098,1308.18433880351,1301.33816477151,1300.66460081708
1198,1300.93049149189,1309.92670259501,1300.83872137141,1297.14043334677,1296.9358746319
1199,1296.96675415333,1309.62852302915,1295.43403009066,1298.64561466383,1298.28958138603
1200,1294.48430165772,1308.57015452093,1293.65248230428,1300.38602374526,1301.24040014293
1201,1292.68523277785,1305.31400815619,1295.78625650856,1298.70600577235,1302.80201785042
1202,1291.62507872434,1301.97257389416,1298.24171085915,1295.46719028871,1301.66007408576
1203,1291.50416496958,1301.0143259055,1297.0726122698,1293.33423171715,1297.02006067888
1204,1292.46916495533,1301.53261274341,1292.59554329863,1292.92122956952,1291.01083235327
1205,1294.62770860634,1300.26741868282,1288.10195936297,1293.41048928508,1287.78932768442
1206,1297.34143266251,1295.70609709311,1285.65926805135,1293.67538951453,1289.09865045456
1207,1298.07659275933,1290.89016906654,1284.08696047936,1291.87778228777,1290.46321893706
1208,1294.31081552467,1289.14477143529,1281.80151957557,1286.31670314395,1286.94345031673
1209,1287.02456057921,1288.99519758003,1278.38893687767,1278.09138205352,1279.39864189469
1210,1279.4150786423,1285.92867566231,1274.17900956186,1270.07005507332,1272.3592944966
1211,1273.68723172877,1277.88313764471,1269.65531854164,1264.33017726036,1268.44033158427
1212,1269.70676421318,1268.52046466392,1265.62719008464,1261.08976454809,1265.75455385607
1213,1267.04912910978,1262.00180915371,1262.89695003676,1260.24631352307,1262.10388853482
1214,1265.63642947286,1259.62431853272,1261.75506424597,1261.06550393215,1258.44101290248
1215,1265.5876063727,1261.03360576423,1262.19346253604,1262.44913197304,1257.52226577827
1216,1266.48973829252,1264.92125828289,1263.62683678308,1263.51578308257,1260.07617804356
1217,1266.81773109571,1268.02507301999,1264.27503682515,1263.84386714734,1262.57150345435
1218,1265.15203472923,1267.30548947696,1262.60226775093,1263.1628602646,1261.53480706318
1219,1262.245985537,1263.90637882266,1260.57569223056,1262.03544071766,1258.75973533177
1220,1259.9848206854,1261.1475719775,1261.97287682686,1261.45518488363,1258.77451390193
1221,1259.55000494622,1260.43397062687,1267.84808710244,1261.78442919435,1263.22975674134
1222,1260.78151096064,1259.53167133121,1274.08547500459,1262.18887796329,1268.30638450904
1223,1263.18741977371,1256.26436750913,1276.50402207775,1261.88527187138,1270.09734613191
1224,1264.81582437591,1252.08953899311,1275.02063847198,1261.54383704624,1268.8520207761
1225,1263.04777915054,1250.16150312593,1271.49469786133,1262.50737770001,1266.78459199575
1226,1257.51684804999,1251.48738537659,1266.76049331156,1264.62728290322,1264.8214560629
1227,1251.71329169425,1253.38666971462,1259.87842903287,1265.19291763857,1261.66581793206
1228,1249.00901560013,1253.19009166623,1250.30439815634,1261.78913430024,1256.33180283979
1229,1249.33370545751,1250.86875869896,1241.48258753025,1255.86287624666,1251.55184850604
1230,1251.14980747891,1247.53668124727,1238.49555473096,1250.49864224287,1251.60025179184
1231,1253.59867456888,1244.60239238955,1242.65952428455,1247.53497300404,1257.61585162542
1232,1256.88610736194,1243.92580903239,1249.43273169945,1246.87237930582,1265.84968503364
1233,1261.21234232244,1247.16516297045,1254.09703871581,1248.1961667972,1272.36200156371
1234,1265.75977707555,1253.48760011265,1255.42383181489,1250.67702202215,1275.70777167735
1235,1269.10659070794,1260.58336760716,1254.25624896622,1253.18029844693,1275.92504389056
1236,1269.82178121468,1266.11768959678,1251.46644200037,1254.56666485724,1273.07486161096
1237,1266.47643252463,1267.75116635598,1247.92636013828,1253.69686546868,1267.22171113521
1238,1258.0110674926,1263.57543191444,1244.51779647384,1249.66144049019,1258.60264623533
1239,1246.68925854835,1255.61546333645,1242.2246066748,1243.6395564212,1249.00805726207
1240,1236.54234774072,1247.99868254579,1242.08519347284,1237.92720612483,1241.05300207014
1241,1231.59779506537,1244.85688436903,1245.13923032845,1234.82399971226,1237.34970235613
1242,1235.02382723401,1249.40672193769,1252.06917956739,1236.24426463736,1239.94328905515
1243,1245.16827667746,1259.71691118316,1261.51521206852,1241.94178784626,1247.68466859767
1244,1258.68523617863,1272.04220754131,1271.39378256013,1250.91417391895,1258.30307308919
1245,1272.2143988839,1282.61926976785,1279.61212381382,1262.15912989664,1269.52091234036
1246,1282.68832277806,1288.21172598106,1284.38189426308,1274.58182240061,1279.22415695054
1247,1289.29872067404,1289.53112774423,1286.17562538812,1286.42740638358,1286.55565682957
1248,1292.24296378747,1289.03993933331,1286.4678363884,1295.64244710116,1291.21617262163
1249,1291.72824070933,1289.20958799039,1286.73860171651,1300.16557933478,1292.91085821708
1250,1288.29463885046,1291.7481410391,1287.9894844412,1298.60336469002,1291.45748508634
1251,1284.15254163193,1294.48753182929,1288.79139187983,1292.95361700169,1287.23448510253
1252,1281.96911320637,1294.10686340618,1287.0097870135,1286.24372651626,1280.81952371625
1253,1282.30225490885,1289.70827627047,1282.52978024827,1280.17274525275,1273.44006855402
1254,1283.23660434689,1283.24121943915,1277.60586199554,1274.88459282336,1267.08207783376
1255,1283.16322477961,1276.69341755707,1274.26452787325,1270.54383469991,1263.40737639278
1256,1282.51449997161,1271.49887263347,1272.89622084183,1267.81426847886,1262.42862994663
1257,1282.28243423429,1268.89444320756,1273.41896504743,1267.47477470131,1263.6901954885
1258,1282.88158276602,1269.14279970765,1275.55034866928,1269.60418750063,1266.7072070417
1259,1284.10868903329,1271.46625510662,1278.79271839552,1273.53230279754,1270.96218877785
1260,1285.73035368075,1275.03752213259,1282.63788411107,1278.55263683956,1275.93593938846
1261,1287.51318965829,1279.02916593224,1286.57717204762,1283.95797962124,1281.10854083765
1262,1289.25499590349,1282.72307530773,1290.17054482395,1289.13293751472,1286.02845175152
1263,1290.91503290143,1285.97054538933,1293.33586802639,1293.94270626613,1290.6020324299
1264,1292.50458241383,1288.80651042863,1296.10645804999,1298.40753292596,1294.8511183199
1265,1294.03495684898,1291.2660929467,1298.51577864226,1302.54782142385,1298.79767786118
1266,1295.51747325513,1293.38449796718,1300.59736951402,1306.38404931199,1302.46374825755
1267,1296.96345256709,1295.19699730713,1302.38483196859,1309.93675978657,1305.8714275117
1268,1298.38421901203,1296.73891537974,1303.91181590395,1313.226554202,1309.04286703923
1269,1299.79109967467,1298.04561652448,1305.21200820141,1316.2740850864,1312.00026487018
1270,1301.19542422197,1299.15249387636,1306.31912251119,1319.10004966576,1314.76585944515
1271,1302.60852478754,1300.09495978352,1307.26689044297,1321.72518390319,1317.36192401191
1272,1304.04173601587,1300.90843777937,1308.08905416702,1324.17025705889,1319.81076162774
1273,1305.50639526647,1301.62835611383,1308.81936042992,1326.45606677552,1322.13470077175
1274,1307.01384297812,1302.29014284605,1309.49155598696,1328.60343469304,1324.3560915709
1275,1308.5754231933,1302.92922249967,1310.13938445234,1330.63320259641,1326.49730264249
1276,1310.20248424313,1303.58101428084,1310.79658456727,1332.56622909877,1328.58071855579
1277,1311.90637959287,1304.28093185836,1311.49688988553,1334.42338686255,1330.62873791459
1278,1313.69846884844,1305.06438470514,1312.27402987571,1336.22556036009,1332.66377206245
1279,1315.5901189243,1305.9667810004,1313.16173243963,1337.99364417536,1334.70824441199
1280,1317.59270537305,1307.02353209239,1314.19372784665,1339.74854184789,1336.78459039951
1281,1319.71761387746,1308.27005852247,1315.40375408458,1341.51116525983,1338.91525806603
1282,1321.97624190551,1309.7417976126,1316.82556362872,1343.30243456694,1341.12270926609
1283,1324.38000052922,1311.47421261999,1318.49293163218,1345.1432786744,1343.42942150563
1284,1326.94031640829,1313.50280346473,1320.43966554243,1347.054636258,1345.85789041053
1285,1329.66863393959,1315.86311903871,1322.69961615083,1349.05745733193,1348.43063282787
1286,1332.57641425626,1318.59076292777,1325.30668098508,1351.17270264152,1351.1701847243
1287,1335.66969471392,1321.7079890687,1328.27988838381,1353.4168801097,1354.08952748934
1288,1338.93798642004,1325.19633603952,1331.59295114708,1355.79293931472,1357.17255265849
1289,1342.36767012773,1329.02965414174,1335.21101053375,1358.30127040013,1360.39763751884
1290,1345.94512013051,1333.18180296649,1339.09919922623,1360.94227030521,1363.74314338376
1291,1349.65670162753,1337.62664056008,1343.22262881063,1363.71634283049,1367.18741204076
1292,1353.48876831674,1342.3380134319,1347.54637875627,1366.6238987048,1370.70876277797
1293,1357.42766021629,1347.2897474016,1352.03548689502,1369.66535565351,1374.28548999084
1294,1361.45970171456,1352.4556392838,1356.65494140318,1372.8411384683,1377.89586137105
1295,1365.57119984927,1357.80944941042,1361.36967429106,1376.15167907829,1381.51811667981
1296,1369.74844281655,1363.32489499223,1366.14455640681,1379.5974166227,1385.13046710808
1297,1373.9776987108,1368.97564432223,1370.94439396286,1383.1787975249,1388.71109522641
1298,1378.24521449643,1374.73531182489,1375.73392659405,1386.89627556805,1392.23815552704
1299,1382.53721521262,1380.57745395607,1380.47782695751,1390.75031197222,1395.68977556102
1300,1386.83990341225,1386.47556595944,1385.14070188438,1394.74137547311,1399.04405767273
1301,1391.13945883648,1392.40307948576,1389.6870950935,1398.86994240234,1402.27908133434
1302,1395.4220383262,1398.33336108202,1394.08149147691,1403.1364967694,1405.37290608208
1303,1399.67377597171,1404.23971155782,1398.28832296577,1407.54153034519,1408.303575056
1304,1403.8807835021,1410.09536623648,1402.27197598451,1412.08554274732,1411.04911914431
1305,1408.02915091564,1415.87349609846,1405.99680049891,1416.76904152707,1413.58756173292
1306,1412.10494735244,1421.54720982481,1409.4271206623,1421.59254225816,1415.89692405994
1307,1416.09422221061,1427.08955674749,1412.52724706101,1426.55656862721,1417.95523117427
1308,1419.98300650719,1432.47353071379,1415.26149055804,1431.66165252615,1419.74051849649
1309,1423.75731448461,1437.67207487053,1417.59417772989,1436.90833414636,1421.23083897931
1310,1427.4030712339,1442.65772117703,1419.49028387394,1442.29664672898,1422.40484789421
1311,1430.89655966818,1447.35545154579,1420.99472238289,1447.75976251465,1423.31606320445
1312,1434.19497669819,1451.59606116092,1422.31060113088,1453.09828707328,1424.16613254952
1313,1437.25324046627,1455.19907022138,1423.65967931859,1458.09682260045,1425.1741108678
1314,1440.02624146401,1457.98389010533,1425.2637625245,1462.53957024589,1426.5590637294
1315,1442.4688572544,1459.76998680246,1427.34474250798,1466.21044993329,1428.54014027746
1316,1444.53596973957,1460.37708494889,1430.12469833064,1468.89327853321,1431.33670599769
1317,1446.18248496791,1459.62541209378,1433.82605898672,1470.37200640621,1435.16853555365
1318,1447.36977792017,1457.37487642605,1438.62690557832,1470.45967119491,1440.20773622674
1319,1448.12034659757,1453.85592740176,1444.27875518121,1469.24242268074,1446.16751783371
1320,1448.49052116571,1449.50340389534,1450.29641799663,1466.95754668622,1452.50635472177
1321,1448.53703115224,1444.75352300564,1456.19110811917,1463.84402974652,1458.67872448052
1322,1448.31662405765,1440.04138744141,1461.47286075886,1460.14068625631,1464.13771547148
1323,1447.88604450356,1435.8008900174,1465.65075515771,1456.08594821244,1468.33532447013
1324,1447.30201739463,1432.46485308734,1468.23343793728,1451.91772627513,1470.72312872841
1325,1446.62120753896,1430.46329508594,1468.7324996457,1447.87277241744,1470.75622030599
1326,1445.89690876277,1429.97169834841,1466.96933959396,1444.11848615703,1468.24047685229
1327,1445.17590844264,1430.67221824973,1463.36561426265,1440.68845879672,1463.66101701583
1328,1444.50421266497,1432.19095590797,1458.4121538186,1437.60092731567,1457.58112947265
1329,1443.92779047752,1434.15425421277,1452.59921961156,1434.87413355317,1450.56322238548
1330,1443.49257804445,1436.18840407457,1446.41583248928,1432.52633224136,1443.16797377314
1331,1443.24448542418,1437.91952450447,1440.34940149542,1430.57579945022,1435.95387734381
1332,1443.22940596542,1438.97361661733,1434.88565032102,1429.04084145054,1429.47717956844
1333,1443.49254812552,1438.98091152694,1430.50536229417,1427.93954460834,1424.2883111265
1334,1444.03450208471,1437.84239048939,1427.46042017006,1427.27302820334,1420.68128396973
1335,1444.78442478451,1435.89218366078,1425.63788734527,1427.01523631345,1418.54175236997
1336,1445.66507859286,1433.50312773188,1424.89278709751,1427.13774553654,1417.71968494607
1337,1446.59923901765,1431.04756618799,1425.08074089359,1427.61220124093,1418.06588341966
1338,1447.50968585031,1428.8972327119,1426.05778758144,1428.41030463719,1419.43175159944
1339,1448.31920173368,1427.42330695826,1427.68022901476,1429.50380087568,1421.669092934
1340,1448.95057815244,1426.99664181456,1429.80450171999,1430.86446815846,1424.62993601566
1341,1449.32665604028,1427.98805821869,1432.28709641105,1432.46411968609,1428.166400943
1342,1449.40840588002,1430.62415379475,1435.01535219375,1434.29115284648,1432.1492401689
1343,1449.27064595891,1434.699553234,1437.96888348955,1436.38350409771,1436.50493084128
1344,1449.00933853468,1439.92882635388,1441.14448417925,1438.78836757784,1441.17027339696
1345,1448.72039677526,1446.0265258366,1444.5389631388,1441.55300415919,1446.08199278767
1346,1448.4996757528,1452.70682711025,1448.14914336092,1444.72476124287,1451.17671644956
1347,1448.44297488526,1459.68326910229,1451.97186109265,1448.35109538698,1456.39095721696
1348,1448.646051803,1466.66859622832,1456.00396498845,1452.47959780028,1461.66110120468
1349,1449.20464762282,1473.37470239572,1460.2423152784,1457.15802274092,1466.92340068965
1350,1450.21452362521,1479.51267801795,1464.6837829511,1462.43431886903,1472.11397202672
1351,1451.76331423107,1484.80450327105,1469.31955099289,1468.34476619493,1477.16720516243
1352,1453.82349752375,1489.13418554747,1474.06062192355,1474.75842765647,1481.99493943144
1353,1456.28250067213,1492.50581498158,1478.75860741725,1481.42039134178,1486.49229599846
1354,1459.02574843889,1494.92663666205,1483.26345990529,1488.07217315516,1490.55385823588
1355,1461.93860433894,1496.40424069413,1487.42487736632,1494.4545646426,1494.07410855242
1356,1464.90633820438,1496.94655325693,1491.09235325356,1500.30767691678,1496.94749241232
1357,1467.81411009369,1496.56182733879,1494.11525471528,1505.37106877065,1499.06849628764
1358,1470.54697059214,1495.25863317362,1496.34292917106,1509.383959594,1500.33173948131
1359,1472.98987755698,1493.04584840142,1497.62483920919,1512.08552739927,1500.63207969583
1360,1475.03780061341,1489.95663851043,1497.83483534755,1513.25013341294,1499.88597140444
1361,1476.70229558039,1486.3019445984,1497.12624185586,1513.05617457026,1498.25610884838
1362,1478.06996939332,1482.57057034445,1495.83201633909,1511.94198726353,1496.06331943621
1363,1479.22872572203,1479.25316424659,1494.28789561288,1510.35017735061,1493.63071219057
1364,1480.26649826233,1476.83937059303,1492.82925447661,1508.72294836794,1491.280902804
1365,1481.27123268158,1475.81823219918,1491.79107163911,1507.50196063785,1489.3359825831
1366,1482.33087818795,1476.67889026748,1491.50803544314,1507.1284335318,1488.11761667621
1367,1483.53296721585,1479.90797535785,1492.31258885509,1508.04075606876,1487.94530783775
1368,1484.91724117607,1485.58522318797,1494.28796288896,1510.36768513587,1488.91607072225
1369,1486.43227953558,1493.01153923946,1497.04187599667,1513.64714055272,1490.70271603197
1370,1488.0164091685,1501.39921959434,1500.12851255017,1517.35048197074,1492.93052253456
1371,1489.60794145402,1509.9582544726,1503.10169016467,1520.94850709936,1495.2246658796
1372,1491.14516933637,1517.89576577132,1505.51479861197,1523.91134637123,1497.21010014442
1373,1492.56636912323,1524.4162235542,1506.92098686579,1525.70870677977,1498.51161436039
1374,1493.80980702713,1528.72245048874,1506.87359876277,1525.8104658887,1498.7540642765
1375,1494.82496514025,1530.09778788217,1504.98772824247,1523.74567173443,1497.61128495374
1376,1495.68723774529,1528.73010595929,1501.56307923174,1519.69693346011,1495.30237053752
1377,1496.55117585453,1525.37673101541,1497.32880657349,1514.25712727797,1492.38866731063
1378,1497.57255412429,1520.80407252687,1493.01929493707,1508.02456151227,1489.43600581572
1379,1498.90715723677,1515.77728914049,1489.36708318473,1501.59580173685,1487.00915781819
1380,1500.71082554256,1511.05949459913,1487.10313213237,1495.56530763732,1485.67200844932
1381,1503.13953095858,1507.4116920378,1486.95775723468,1490.52551204681,1485.98812406167
1382,1506.34948322721,1505.59343017015,1489.66222426991,1487.06733701295,1488.52171508516
1383,1510.4611128961,1506.26355767159,1495.82776321146,1485.71299533648,1493.74453818154
1384,1515.27771470301,1509.19905146066,1504.98783685241,1486.38714568389,1501.30166705417
1385,1520.4376318786,1513.72020954619,1516.1151854668,1488.70566535954,1510.40833511289
1386,1525.57714506891,1519.14350180021,1528.17463521987,1492.282726668,1520.27420329086
1387,1530.33179414885,1524.78439635572,1540.1259726938,1496.73273208094,1530.1058633747
1388,1534.33646933668,1529.95688093117,1550.92339504559,1501.66980219896,1539.1064718639
1389,1537.22566838848,1533.97356824026,1559.51631541089,1506.70744845851,1546.47617105791
1390,1538.63392046452,1536.14638943019,1564.85154543219,1511.45843098761,1551.4133078469
1391,1538.19779254055,1535.79009610655,1565.88001003528,1515.53568005504,1553.11880784955
1392,1535.83844569867,1532.6655505155,1562.18722767626,1518.72724905549,1551.26699311741
1393,1532.10194599667,1527.51317837483,1554.75072983709,1521.20804241609,1546.57229866443
1394,1527.61707539246,1521.20318772461,1544.73439639376,1523.20489952168,1539.88862196139
1395,1523.01128628564,1514.60348522069,1533.29916921276,1524.94489689953,1532.06860622798
1396,1518.91036432561,1508.57889995416,1521.60018168559,1526.65524358243,1523.96198866941
1397,1515.93858034628,1503.9913431089,1510.78557180571,1528.5632406262,1516.41485632073
1398,1514.71932736035,1501.70089280418,1501.99694934425,1530.89630491148,1510.26979863969
1399,1515.87624026929,1502.56779723203,1496.37148492099,1533.88205734642,1506.3669442746
1400,1520.03479976561,1507.45539846894,1495.0455990699,1537.74847567607,1505.54587296388
1401,1527.69072538043,1517.06934115926,1498.99050992513,1542.66542426319,1508.53292434073
1402,1538.06639923258,1530.54998588613,1507.56447727933,1548.24235049146,1514.95571981533
1403,1549.67270202756,1546.16217988634,1519.22939595917,1553.77629719585,1523.83186348259
1404,1561.00628012434,1562.15164889231,1532.43431388942,1558.55942586134,1534.17147490793
1405,1570.55621461438,1576.75154992633,1545.62057212499,1561.88269521142,1544.98132189514
1406,1576.8120539518,1588.18921831615,1557.22499943686,1563.04073485361,1555.26599332079
1407,1579.0808269225,1595.44603533745,1566.30580924084,1561.85094563221,1564.34412999861
1408,1578.30714162887,1599.02401301944,1573.17555537123,1559.17292663345,1572.16832990493
1409,1575.63284492955,1599.61162950422,1578.29897085008,1555.98937891009,1578.7672119076
1410,1572.19976326175,1597.90114268948,1582.14312419995,1553.28131171182,1584.1700499698
1411,1569.14781444328,1594.58631339234,1585.17654180811,1552.02802565097,1588.4067292004
1412,1567.61473304551,1590.36071943451,1587.86859585362,1553.20828073855,1591.50770278935
1413,1568.43787370609,1585.83945928263,1590.56354158935,1557.45210538651,1593.53072017604
1414,1571.36565034976,1581.35523963586,1593.14860875387,1564.11673972118,1594.63145156105
1415,1575.89990192488,1577.17604556767,1595.40691155285,1572.26957611048,1594.98809324653
1416,1581.54277689447,1573.56919820183,1597.12145335361,1580.97594441019,1594.77903067253
1417,1587.79589080441,1570.80150170757,1598.07524420915,1589.29791812033,1594.18269302164
1418,1594.15979158593,1569.13947852589,1598.05147700275,1596.29420894097,1593.37744742423
1419,1600.13380461988,1568.84958853967,1596.83393165158,1601.02147472175,1592.54152489885
1420,1605.30405136074,1570.0698404726,1594.41720166082,1602.92295878016,1591.84318082304
1421,1609.51561921199,1572.55881114803,1591.41575782331,1602.58494828904,1591.42157581308
1422,1612.661302592,1576.00580250282,1588.55668687515,1600.8047868753,1591.41048333057
1423,1614.63417798466,1580.1001621198,1586.56573721005,1598.37986811069,1591.94366281628
1424,1615.3277528081,1584.5309725066,1586.16777649869,1596.1066005278,1593.15493920869
1425,1614.63612787623,1588.98686029192,1588.0879030768,1594.78016402533,1595.17830478485
1426,1612.49754482449,1593.1693801754,1592.87021612331,1595.0644719874,1598.09238315231
1427,1609.17835039878,1596.88123525738,1599.67994689603,1596.63802796219,1601.55581384128
1428,1605.09424947245,1599.97132669441,1607.05021357526,1598.72978272853,1605.03501681004
1429,1600.66098635269,1602.28875815456,1613.50680470614,1600.56622421176,1607.99479935887
1430,1596.29329176545,1603.68272918264,1617.57172751387,1601.37355690242,1609.89950618018
1431,1592.40258884876,1604.0042740045,1617.78101114403,1600.38641114202,1610.21902666884
1432,1589.24204610562,1603.21671822563,1613.7208063727,1597.41380116067,1608.81235559535
1433,1586.80581056495,1601.46778925194,1606.70207859524,1593.20791234327,1606.17791269079
1434,1585.06415266849,1598.92252035763,1598.19481673193,1588.60748790127,1602.87338080597
1435,1583.98756768906,1595.74592944886,1589.66373352067,1584.4491755976,1599.4555565088
1436,1583.54675072181,1592.10287274371,1582.56690154702,1581.56755541893,1596.48007981159
1437,1583.71194209727,1588.15942419775,1578.3454233152,1580.78815281272,1594.49707479217
1438,1584.41038371459,1584.18327730144,1577.64389061705,1582.39781550238,1593.75010214141
1439,1585.49931525296,1580.60710671537,1579.81811306691,1585.80880472781,1593.98573034064
1440,1586.8296131057,1577.87782225753,1584.10861802206,1590.35380014231,1594.90547094171
1441,1588.25216052424,1576.44170792608,1589.75682223163,1595.36501694886,1596.21107990691
1442,1589.61781665093,1576.74501729854,1596.00338988652,1600.17353972941,1597.60435894303
1443,1590.77741323474,1579.23481653593,1602.08730603343,1604.10921154738,1598.78706760264
1444,1591.58257747417,1584.34497056102,1607.25222608634,1606.51111947937,1599.46550687005
1445,1591.91860853826,1591.87577259514,1611.0167340159,1607.14128159109,1599.53814211966
1446,1591.71614154066,1600.77161621056,1613.27111653279,1606.33141920782,1599.16194663108
1447,1590.90913576878,1609.91347006763,1613.93258043085,1604.45388937908,1598.51207124886
1448,1589.4317361329,1618.17798779183,1612.91926084265,1601.88106327956,1597.76356920616
1449,1587.21832538089,1624.43794074673,1610.15038765982,1598.98491806099,1597.09135561762
1450,1584.20358146176,1627.5642325428,1605.54645784366,1596.13680162724,1596.67020511194
1451,1580.38818397915,1626.66322722553,1599.13656936575,1593.65274191363,1596.61919318019
1452,1576.16884278345,1622.25646978532,1591.59675845721,1591.51878821356,1596.72198573183
1453,1572.08897615387,1615.39454956697,1583.8416790934,1589.598152399,1596.63722156519
1454,1568.69091463504,1607.12789838823,1576.78260237574,1587.75405910676,1596.02351637357
1455,1566.51592665767,1598.50337405551,1571.32728413236,1585.84993166873,1594.53982934056
1456,1566.09306110937,1590.5532851854,1568.36444502791,1583.75213104564,1591.85461114852
1457,1567.44094122747,1583.87990276866,1568.05440241959,1581.44584798637,1588.02039503691
1458,1569.88350478694,1578.50469852157,1569.56795643154,1579.07773599836,1583.61121767848
1459,1572.69501469127,1574.40823579134,1572.00630448881,1576.80577298661,1579.23714264097
1460,1575.14925179584,1571.57173918527,1574.47061447341,1574.78768457831,1575.50665291997
1461,1576.51950949897,1569.97706482171,1576.06149270259,1573.18097872073,1573.02691012549
1462,1576.17510453966,1569.57791941958,1576.00148751171,1572.13378736062,1572.34012766066
1463,1574.4763925526,1570.03161596894,1574.77433013643,1571.69893608637,1573.32442253519
1464,1572.36799823192,1570.82065121027,1573.60736624734,1571.87313252491,1575.46669354423
1465,1570.80092280798,1571.42541959131,1573.73642564326,1572.65249713895,1578.24914419929
1466,1570.70178365695,1571.34313545739,1576.33422609098,1574.02220403572,1581.14567259192
1467,1572.18028345328,1570.65746045004,1580.36351120317,1575.57850513982,1583.3451377824
1468,1574.3338271115,1570.17870160107,1582.04274610511,1576.43517631381,1583.68316857499
1469,1576.53798035793,1570.66784036377,1578.70291601197,1576.04317885186,1581.54222136375
1470,1579.82611559427,1572.42921921317,1573.91184753478,1575.63638277513,1579.06223892053
1471,1585.65260753554,1575.61381934486,1573.00345946488,1576.95276738289,1579.12401131397
1472,1593.05642391702,1579.92382965612,1577.99775147162,1580.70130308861,1581.96205885435
1473,1598.33819246665,1584.55325390475,1587.18177156687,1586.42913957897,1584.82259128349
1474,1598.79690783704,1588.86983136845,1598.35268355175,1593.58769244727,1585.94841644128
1475,1596.76125583295,1593.12343803103,1608.03128932826,1601.47985998504,1588.63917606699
1476,1595.83442873555,1597.76465665938,1612.51196231598,1609.33110081667,1597.34197102624
1477,1597.28279594445,1602.25734599374,1611.33048294157,1615.51271025234,1610.77079743417
1478,1599.96996752567,1605.04719631638,1607.36984733329,1617.51539127888,1621.70304108233
1479,1602.7553771954,1605.2515722163,1603.26186584162,1613.84664541812,1624.53752031989
1480,1604.9130017376,1604.80956303516,1600.05344638083,1607.15559957435,1621.22921406477
1481,1605.83422013442,1606.20310958128,1598.37142410407,1600.98898188411,1615.5009582283
1482,1605.23779687761,1608.86723422632,1598.20307689721,1596.62071616617,1609.13090749367
1483,1603.15027011806,1609.37624948804,1598.93638235588,1593.20066893091,1602.07389362158
1484,1599.93793932868,1605.5593497855,1599.93317553524,1589.99557566125,1594.60625223694
1485,1597.12004239154,1600.05979138823,1600.54311090771,1586.96620224753,1588.38240114246
1486,1596.322697089,1596.41410289319,1600.10719632809,1584.23059996567,1585.18863253038
1487,1596.62307779449,1595.34028774921,1597.85963796994,1581.98920497445,1583.87629974293
1488,1594.92057627788,1595.15296725005,1592.94528702304,1580.51268414182,1580.79249291206
1489,1589.44425129153,1594.36399858581,1585.5992103758,1579.69659321066,1574.25862822384
1490,1582.85450095213,1592.35211985246,1579.50936538564,1578.23966675271,1569.09488879494
1491,1578.50633346367,1588.77771454928,1578.72417777867,1574.80473300993,1570.94882942718
1492,1577.1196368762,1584.96467074356,1582.55242137273,1571.09288782549,1578.68979721299
1493,1577.36897167923,1583.52787113292,1586.61423354712,1571.16418447096,1585.90245668857
1494,1578.24732185982,1586.067796147,1587.92008542628,1576.94936715703,1588.36811096591
1495,1579.80741467962,1591.19440764528,1587.74847459685,1584.11288274373,1588.59613499694
1496,1582.26419961562,1596.98043259496,1587.99860308446,1587.573619398,1590.04711207749
1497,1585.48533145137,1601.42245962479,1588.73517738788,1587.27795784995,1592.89954087992
1498,1589.09116775878,1602.46564294287,1588.72284129827,1586.74351431558,1595.00346358439
1499,1592.44418404255,1599.4047407538,1587.29790824164,1587.9756295311,1594.80724510398
1500,1594.2549399399,1595.0175165893,1585.34247982738,1588.88259389483,1592.4352566102
1501,1593.25487651552,1592.31480257675,1583.90918965768,1587.01060958679,1588.32377854162
1502,1589.62646667548,1590.63408625493,1583.18487813162,1583.27687967319,1583.42102070098
1503,1584.49032583177,1586.95427466456,1582.79858103885,1580.76492121384,1579.00268820548
1504,1579.45693291319,1580.16568236136,1582.47935569625,1581.05127626743,1576.22448521801
1505,1577.2429539871,1573.69388222564,1582.21073940311,1582.12334830648,1575.95550447316
1506,1580.25418720125,1571.22515641919,1582.00013844418,1581.78973138544,1578.84033489047
1507,1586.1153395447,1572.62312998877,1581.72842066982,1581.25620587769,1583.62607109062
1508,1589.65437493987,1575.51996617054,1581.2045545173,1583.70665810657,1587.94738285851
1509,1588.45353639601,1578.47816536188,1580.61944977872,1589.87839444832,1590.14836678383
1510,1586.00266757068,1582.08474463616,1580.97222055528,1595.28023326409,1590.10878699028
1511,1586.10784361241,1586.98166769579,1583.11519529873,1595.34225608945,1588.04496392132
1512,1588.66626934854,1591.96512280367,1585.63695543401,1590.89048930625,1585.442810591
1513,1591.5050223478,1594.85882983359,1585.93631502639,1585.62386877796,1584.45426466464
1514,1593.75464708942,1595.16433911317,1583.48301456459,1582.92005802026,1586.33871828101
1515,1597.08158957793,1595.61763579106,1581.73174507868,1585.50239290412,1590.63910334241
1516,1603.0075685268,1598.82820322057,1584.03230512891,1595.20765536162,1596.59561960943
1517,1609.55692371292,1603.43856325634,1589.28974637396,1607.24352396538,1602.55844060303
1518,1613.08350082973,1606.19788810702,1594.2790553713,1613.64230683497,1606.46246307938
1519,1612.24115005559,1606.15998485613,1597.46331043584,1611.49427232018,1607.79420889055
1520,1609.71027436981,1606.41206288265,1600.27348306823,1606.75985899788,1608.74779346914
1521,1608.25343110588,1609.86010456215,1604.22391134622,1605.47724692582,1611.39678103837
1522,1608.33920841342,1615.20639717979,1609.27919138462,1607.91354676266,1614.99387573934
1523,1609.43466565444,1619.33403041251,1614.72548228189,1611.82105196871,1617.57793234812
1524,1611.05860847464,1620.67937468801,1619.91057332921,1615.28449502305,1618.60845954082
1525,1612.81753183834,1620.15296224073,1624.28509924838,1616.93033299229,1619.80042019994
1526,1614.54177650198,1618.84291251235,1627.39968020529,1615.81282901563,1622.76179039805
1527,1617.4523564882,1617.56798180766,1629.39370306306,1613.42826370372,1627.13009952345
1528,1623.2753096942,1617.0349567049,1630.64016924427,1612.21279037347,1631.75769861207
1529,1631.4052100558,1617.7134792475,1631.51193956584,1613.41393926768,1635.28169156929
1530,1637.87187916083,1619.73358789487,1632.38042808587,1616.57157539039,1636.03379529741
1531,1639.39786952262,1623.32261915374,1633.61616670103,1621.30205221048,1633.21142589678
1532,1638.25477151246,1629.41768226763,1635.58538078489,1628.41989270248,1631.12375566081
1533,1638.64166243678,1639.16593921334,1638.6528277942,1639.11001816896,1635.76069864535
1534,1642.54194629374,1651.83514576122,1643.17483871671,1652.09818345399,1647.58535564619
1535,1649.04005924233,1664.21711135403,1649.49703979616,1662.86980607802,1659.80605894252
1536,1656.89519548696,1673.18151810401,1657.49774243678,1667.63301367313,1666.29185518816
1537,1664.19390854031,1676.94535912615,1664.63260801528,1667.56586442826,1667.02042229272
1538,1668.84109980058,1674.26634297313,1667.66252498111,1665.41968397253,1663.95945242284
1539,1670.02694303996,1667.08435785783,1666.35587561932,1662.78007272712,1659.33440829698
1540,1668.47966581625,1661.11259080802,1664.07114870678,1659.84075402026,1655.66847789766
1541,1665.20944896132,1661.03971094279,1663.86901181066,1657.11174320996,1654.9400392046
1542,1662.10639289787,1665.85464126656,1666.46631330951,1656.94858602383,1656.54134938625
1543,1661.28939494884,1672.92918910267,1671.85468400623,1662.1245384744,1659.1752950301
1544,1664.26077488006,1680.43045875854,1678.72335354113,1672.24880302023,1663.11270556188
1545,1671.8587618684,1687.38920348685,1684.34035113174,1683.48147931817,1670.33035741098
1546,1683.95221889002,1693.11410669185,1686.81557616146,1692.44113426933,1681.91445434855
1547,1696.46601666353,1697.90189618598,1688.09266373437,1698.44144490971,1694.84521638411
1548,1704.41654738275,1702.26091551337,1691.00055938018,1701.5258691446,1705.09828151799
1549,1706.0450081906,1705.62872001273,1695.74319635623,1702.25123095638,1710.56080196538
1550,1702.80828015926,1706.38113331208,1699.92204604269,1701.68176978468,1711.03105122838
1551,1696.56639258898,1703.43745225837,1701.55905666491,1700.71512085157,1706.87507682714
1552,1690.14671631842,1697.9218424799,1700.68296427923,1699.54168673265,1700.25398563454
1553,1686.4475270609,1691.48761866202,1697.82276367728,1698.17029383898,1693.69621689277
1554,1685.53602132601,1686.06351872249,1694.04678646016,1696.30475585234,1688.81151254661
1555,1684.93199104379,1683.82541777203,1690.90731512042,1693.37430416513,1686.38456674506
1556,1682.97412013312,1686.08999622042,1689.37256442623,1689.46676124196,1686.81010309418
1557,1681.06312412458,1691.25333273258,1688.39174260817,1686.91878821352,1689.26747710574
1558,1681.16218898573,1697.09126575112,1686.62482473413,1688.34299486149,1692.67606272605
1559,1683.90738999508,1701.29952410964,1684.9573727952,1693.13686644245,1695.87495094155
1560,1688.84512087511,1701.50942098225,1686.10180904849,1698.05248008421,1697.63684235426
1561,1694.99808937842,1696.96377513479,1691.15991719989,1700.55057577577,1697.29327017819
1562,1699.89125245661,1691.79431121519,1696.17353836871,1700.49722752742,1695.87991179307
1563,1700.96215838779,1690.69500365247,1696.50641735354,1698.19421707121,1694.65584460031
1564,1698.52128997297,1693.31474564771,1691.63399372876,1693.63478796445,1693.46929454435
1565,1695.03124372414,1695.53018800472,1684.11524008188,1686.58383072088,1691.11451484304
1566,1692.4966732206,1694.51761689465,1676.80968662076,1678.04715925705,1687.36592863166
1567,1691.5331124271,1691.26731169077,1673.20092378831,1672.4288138259,1684.74513442094
1568,1692.48260441028,1687.44424793898,1676.4661324001,1674.2624113592,1686.01738351291
1569,1695.20469015188,1685.06679389978,1684.65264561011,1682.62476954869,1691.21060900896
1570,1699.2291693349,1686.38874360356,1692.30604293002,1692.87315360037,1698.48730861136
1571,1703.7792025171,1691.8845815044,1696.06047699887,1701.41618584079,1705.95325200396
1572,1707.33377446107,1697.61078266049,1697.91836463151,1707.4675295948,1711.66442329333
1573,1708.43482028971,1699.3712546485,1700.45505465111,1710.72913206473,1713.82378023627
1574,1707.58225699201,1697.67331285167,1703.52749292392,1711.56961455087,1712.37286069594
1575,1706.48860769849,1695.9396344425,1705.31132925117,1710.77243705387,1708.33601041526
1576,1706.45490036736,1696.68622822064,1705.38080226161,1709.22333402747,1703.10062415143
1577,1707.82355116008,1700.31090886925,1706.49640177514,1708.02074865413,1698.82491535863
1578,1710.65496230236,1706.77396127374,1711.31339727656,1708.13029018519,1697.54295004287
1579,1713.52345896504,1714.54631026596,1717.24655185961,1708.9527572407,1699.10808294837
1580,1714.17314716678,1721.25759595266,1718.7685388328,1709.01196183509,1702.14679061958
1581,1711.59808519063,1725.11114405141,1713.25377698018,1707.46034154179,1705.1941590555
1582,1707.34395487704,1725.50404559202,1704.03095393592,1704.74347463246,1706.62654046573
1583,1703.19364616384,1722.15545090945,1695.04211178288,1701.42447298427,1705.15666830901
1584,1700.33444705411,1716.28755740811,1689.38480013353,1697.73437474863,1702.56602277773
1585,1699.64481509584,1709.89216560656,1689.70329936241,1693.74562647926,1702.18387674125
1586,1701.54994764647,1705.46844425871,1696.35122864111,1690.64248560996,1705.54624489588
1587,1705.64733604358,1706.44287600735,1705.4714870394,1691.65323269616,1710.87519969646
1588,1711.29788360243,1715.3634780764,1713.14071514923,1699.46966671399,1716.16451826473
1589,1716.71787105198,1727.21326196216,1718.47497027177,1710.95044724263,1720.39902267724
1590,1719.60266566668,1733.5054205018,1721.9944888813,1720.26126949402,1723.02853964336
1591,1718.63342647308,1730.88412625103,1723.43279531041,1723.87719637709,1723.87594435888
1592,1714.14743908252,1724.63444729936,1721.19541065676,1722.19155061894,1723.38313065885
1593,1706.76767434429,1720.07690919833,1714.14081081129,1716.20183276614,1721.95834912257
1594,1697.9751840029,1717.19528527367,1705.06148913283,1708.43264812932,1719.37333852378
1595,1689.60845408889,1713.7628554702,1698.35173361966,1702.00733201696,1715.15415330528
1596,1683.71861631355,1708.73378803918,1696.55359453316,1698.24507906362,1709.98154563736
1597,1682.68467699758,1702.86050165996,1699.41398043813,1695.73927857764,1706.28467412637
1598,1688.33799068597,1697.23680305701,1706.17115347968,1693.3238670019,1706.12879573348
1599,1698.96507519349,1694.14018418759,1714.33071202554,1692.68451151647,1708.47983969355
1600,1711.52394222944,1696.24619337462,1720.77333226985,1696.53290777215,1711.15904131961
1601,1723.88714304378,1704.03685057094,1724.19050401343,1705.1554438631,1713.28088162215
1602,1735.20291413567,1714.95949665557,1725.78842908421,1715.47767409515,1715.75071861057
1603,1744.70970189935,1726.2319635929,1726.95964290932,1724.16753458523,1719.6058108697
1604,1751.60348067574,1735.34713134062,1728.74096270451,1728.44092736408,1725.45488333759
1605,1754.85877483179,1741.37467389109,1730.20922899459,1728.59297790874,1731.53917031993
1606,1753.4144138436,1743.94326579206,1729.80775912507,1725.99497438067,1735.31675541207
1607,1747.55460378126,1743.25836494401,1727.32261331892,1722.63293688366,1735.39260213217
1608,1739.25020862838,1740.24915248384,1724.22832716149,1721.25968329754,1731.82200044281
1609,1730.78341569708,1736.06114812749,1722.03272346117,1723.97749140255,1725.39869875613
1610,1725.46099610592,1732.67562833037,1721.88755282442,1729.44868566076,1720.08276279399
1611,1726.76991129003,1732.28174557922,1724.78988963031,1735.3102640132,1720.66459233955
1612,1734.30941152733,1735.69050766004,1730.36563808433,1740.27234010685,1727.94091701453
1613,1743.21705315201,1742.13683229479,1736.66571885843,1744.27899636373,1738.13401772485
1614,1749.07807052301,1750.46886653568,1741.8127266012,1747.23763357692,1747.50941935305
1615,1750.95263174257,1758.04531646094,1744.72592236127,1748.53965306596,1753.82258130198
1616,1748.97546768703,1761.75973483731,1744.57073846912,1747.41860264702,1755.28765001741
1617,1743.35305391409,1758.64855721298,1740.59416529248,1743.17409008604,1750.24847885354
1618,1735.93860113878,1749.33681990487,1733.99275396333,1736.69131645017,1740.12724977818
1619,1730.2942846653,1738.18472306926,1727.99004747597,1730.50444596809,1729.54207480177
1620,1730.05225837993,1729.70657467554,1725.89459774296,1727.21673667094,1723.23766755577
1621,1737.33810647138,1727.4709440817,1729.99681602822,1728.64519711587,1724.82878692258
1622,1748.28080513989,1731.36464637157,1738.55421358721,1733.49930804462,1733.50130865709
1623,1757.50308589144,1740.37164789183,1748.82053456845,1739.71738320651,1747.35141500554
1624,1759.82835758469,1753.48580709636,1758.06788892627,1745.32095112841,1764.48852818804
1625,1754.73277344591,1769.76084662489,1764.14675477956,1750.1564525606,1783.27860031096
